instance_id,premise,hypothesis,true_label,pred_label,correct,raw_response,is_parse_fail,model,dataset,flag_romanization,flag_codeswitching,flag_negation,taxonomy_tier,annotator_note,annotator_id
MNLI-Nepali_test_2267,तपाईंले बिहान र ढिलो दिउँसो खुला हावामा दर्शनीय स्थलको यात्रा गर्ने प्रयास गर्नुहोस्।,दिउँसोको खानाको समयमा खुला हावामा दर्शनीय स्थलको यात्रा सिफारिस गरिँदैन।,0,2,0,contradiction,False,llama-3.1-8b,mnli,False,False,True,,,
MNLI-Nepali_test_8707,२७ प्रस्तुत गरिएका सबै तथ्याङ्कहरू मार्ग प्रकार बाहेक २८ क्वार्टाइलहरूमा मोनोटोनिक छन्।,मार्ग प्रकार क्वार्टाइलहरूमा मोनोटोनिक छैन।,0,2,0,contradiction,False,llama-3.1-8b,mnli,False,False,True,,,
MNLI-Nepali_test_6773,यो त्यहीँ छ।,त्यो त्यहाँ छ।,0,1,0,neutral,False,llama-3.1-8b,mnli,False,False,False,,,
MNLI-Nepali_test_1329,"हेर्नुहोस्, त्यो नै इमानदारताका साथ एक मात्र कारण हो म चलचित्र हेर्न चाहन्न किनभने मलाई कुनै अनौठो कारणले गर्दा बफेलोहरू मन पर्छन् र मलाई थाहा छ तिनीहरू नक्कली हुन्।","मलाई बफेलोहरू मन पर्छन्, र मलाई थाहा छ ती वास्तविक होइनन्।",0,2,0,contradiction,False,llama-3.1-8b,mnli,False,False,True,,,
MNLI-Nepali_test_4907,"यो 'उनीहरूमा निर्भर छ'—जस्तो तपाईं यहाँ भन्नुहुन्छ। त्यसपछि, अचानक, उनले सोधे: 'तपाईं औँलाका छापहरूका न्यायाधीश हुनुहुन्छ, मेरा साथी?'",के तपाईं औँलाका छापहरूको न्याय गर्न सक्षम हुनुहुन्छ?,0,1,0,neutral,False,llama-3.1-8b,mnli,False,False,False,,,
MNLI-Nepali_test_6697,स्पेनी कानूनअनुसार डाइभिङ अनुमति आवश्यक छ।,स्पेनी कानूनअनुसार ड्राइभिङ अनुमति आवश्यक छ।,0,1,0,neutral,False,llama-3.1-8b,mnli,False,False,False,,,
MNLI-Nepali_test_9133,मेरो बारेमा के?,म पनि?,0,1,0,neutral,False,llama-3.1-8b,mnli,False,False,False,,,
MNLI-Nepali_test_3258,मचिकोपछि सडक भित्री भागतिर लाग्छ।,मचिकोपछि सडक समुद्रबाट टाढा जान्छ।,0,1,0,neutral,False,llama-3.1-8b,mnli,False,False,False,,,
MNLI-Nepali_test_1642,(एउटा चार्टर कम्पनीले दाबी गर्यो कि त्यसका सबै किन्डरगार्टेनका विद्यार्थीहरू पढ्न सक्थे जब कि धेरैजसो सक्दैनथे।),एक चार्टर स्कूलले भन्यो कि उनीहरूका सबै किन्डरगार्टेनका विद्यार्थीहरू साक्षर थिए जबकि धेरैजसो थिएनन्।,0,2,0,contradiction,False,llama-3.1-8b,mnli,False,False,True,,,
MNLI-Nepali_test_1155,"प्रस्तावित कानून पराजित भयो, तर संयुक्त राज्य अमेरिकामा उपस्थित वाक्यांशले पहिलेका विधानहरूमा पाइने निवासको भाषालाई प्रतिस्थापन गर्यो।",कानून पारित नभए पनि यसले केही विधानहरूको भाषालाई प्रभाव पार्यो।,0,1,0,neutral,False,llama-3.1-8b,mnli,False,False,False,,,
MNLI-Nepali_test_1734,"तर आफ्नो धेरैजसो समय कानूनका अन्य क्षेत्रहरूमा अभ्यास गर्ने वकिलहरूका लागि, पारिवारिक कानून वा सार्वजनिक सहायताका पक्षहरूसँग सम्बन्धित प्रो बोनो मुद्दाहरू कठिन हुन सक्छन्, लेविनले भने।","प्रो बोनो मुद्दाहरू सधैं सजिलो हुँदैनन्, लेविनले भने।",0,1,0,neutral,False,llama-3.1-8b,mnli,False,False,True,,,
MNLI-Nepali_test_9365,संसार अहिले तीन वर्षअघिको भन्दा साँच्चै धेरै सुरक्षित ठाउँ हो।,धेरै मानिसहरूलाई लाग्छ कि संसार केही वर्षअघि भन्दा सुरक्षित ठाउँ हो।,0,1,0,neutral,False,llama-3.1-8b,mnli,False,False,False,,,
MNLI-Nepali_test_9228,यस्ता आक्रमणहरू सामान्य हुनुले गोरले ब्राडलीबारे सही भनिरहेका छन् वा त्यसको उल्टो हो भन्ने कुरा कसरी स्पष्ट पार्छ?,हरेक पटक आक्रमणहरू गोरले ब्राडीबारे सही भनिरहेका छन् वा त्यसको उल्टो हो भनेर किन तुलना गरिन्छ?,0,1,0,neutral,False,llama-3.1-8b,mnli,False,False,False,,,
MNLI-Nepali_test_5746,मलाई लाग्छ रक्सी धेरै खराब लागूऔषध हो र यो बढी व्यापक रूपमा स्वीकार गरिएको छ।,"मलाई लाग्छ रक्सी धेरै हानिकारक लागूऔषध हो, र यो हाम्रो समाजमा पूर्ण रूपमा स्वीकार गरिएको छ त्यसको बाबजुद पनि।",0,1,0,neutral,False,llama-3.1-8b,mnli,False,False,False,,,
MNLI-Nepali_test_3647,"समयको अन्तराल, र उनको अनुपस्थितिले सबै शंकाहरूलाई परास्त गर्नेछ।",उनी त्यहाँ हुँदा कुनै शंका हुनेछैन।,0,1,0,neutral,False,llama-3.1-8b,mnli,False,False,True,,,
MNLI-Nepali_test_9776,"वाल स्ट्रीट जर्नल वाशिंगटन वायरले रिपोर्ट गरेको छ कि न्यू ह्याम्पशायर राज्य डेमोक्रेटिक पार्टीका अध्यक्षले क्लिन्टनले अर्को हप्ता आफ्नो राज्यमा कोष-संकलन कार्यक्रममा उपस्थित हुँदा घमण्ड गर्नु हुँदैन भन्छन्, तर थप्छन्, 'म निश्चित छैन कि त्यहाँ कसैले आफ्नो जोश नियन्त्रण गर्न सक्छन्।'",वाशिंगटन वायर भन्छ कि क्लिन्टनले उपस्थित हुँदा घमण्ड गर्नु हुँदैन।,0,1,0,neutral,False,llama-3.1-8b,mnli,False,False,True,,,
MNLI-Nepali_test_7536,"जब जियुलियानीले टकको पार्टी साइटलाई भिटो गरे र प्रेसलाई यो महत्त्वहीन र अप्रासंगिक छ भने, उनले पत्रिकालाई महत्त्वपूर्ण र प्रासंगिक मात्र बनाए।",जियुलियानीले टकको पार्टी साइटलाई भिटो गरे र प्रेसलाई यसको बारेमा नकारात्मक कुरा गरे।,0,1,0,neutral,False,llama-3.1-8b,mnli,False,False,False,,,
MNLI-Nepali_test_4753,यस कर्मचारीका लागि एउटा नाम छ - यसलाई 'पास द ट्राश' भनिन्छ।,यी कर्मचारीहरू प्राप्त भएका छन् किनभने तिनीहरू निम्न स्तरका छन्।,0,1,0,neutral,False,llama-3.1-8b,mnli,False,False,False,,,
MNLI-Nepali_test_3896,सुविधा,शिष्टाचार,0,1,0,neutral,False,llama-3.1-8b,mnli,False,False,False,,,
MNLI-Nepali_test_6923,"निस्सन्देह, डाइरेक्ट हिट अध्ययनको मतलब यो होइन कि गोरको साइटमा कोही जाँदैन।",केही मानिसहरू गोरको साइटमा जानेछन्।,0,1,0,neutral,False,llama-3.1-8b,mnli,False,False,True,,,
MNLI-Nepali_test_66,के उनीहरूले यस वर्ष कसैलाई ड्राफ्ट गर्न सके?,के उनीहरूले यस वर्ष कसैलाई पाए?,0,1,0,neutral,False,llama-3.1-8b,mnli,False,False,False,,,
MNLI-Nepali_test_9885,"अनि सार्ज, उनी सधैं राम्रो मान्छे थिए, म उनलाई यस्ता कुनै पछाडिबाट दिइएका आदेशहरू स्वीकार गरेको देख्दिनँ।",सार्जले यस्तो प्रकारका आदेशहरू लिने छैनन्।,0,2,0,contradiction,False,llama-3.1-8b,mnli,False,False,True,,,
MNLI-Nepali_test_8257,टपन्सले आफ्नो विशेषता अनुसार 'टेरियर' हल्लाइन्।,टपन्सले आफ्नो सामान्य टेरियर हल्लाइन्।,0,1,0,neutral,False,llama-3.1-8b,mnli,False,False,False,,,
MNLI-Nepali_test_239,"रोमनहरूले ई.सं. ६० मा मन्दिर पूरा गरे र जब तपाईं भित्री भागमा अन्वेषण गर्नुहुन्छ, तपाईंले भित्ताहरूमा रोमन सम्राटहरूको कार्टुचहरू देख्न सक्नुहुन्छ।",यो मन्दिर रोमनहरूद्वारा १९५० वर्षभन्दा अघि पूरा भएको थियो।,0,1,0,neutral,False,llama-3.1-8b,mnli,False,False,False,,,
MNLI-Nepali_test_7929,"तर त्यसबेलासम्म, देश विश्व व्यापार संगठनमा सामेल भइसकेको थियो, र युरोपेली संघले पोल्याण्ड (चेक गणतन्त्र, हंगेरी, स्लोभाकिया र स्लोभेनियासँगै) लाई युरोपेली संघमा प्रवेश गराउन वार्ता सुरु गर्न सहमत भएको थियो।",युरोपेली संघले थप पाँच देशहरूलाई स्वीकार गर्न सहमत भयो।,0,1,0,neutral,False,llama-3.1-8b,mnli,False,False,False,,,
MNLI-Nepali_test_5582,"पक्कै, यो जोडी हरेक आगलागीको बीचमा पुग्छ।",यो जोडी नाटकको बीचमा पुग्छ।,0,1,0,neutral,False,llama-3.1-8b,mnli,False,False,False,,,
MNLI-Nepali_test_4579,"विज्ञापनदाताहरूले हामीलाई प्राय: विद्रोह गर्न आग्रह गर्छन्, र तिनीहरूले हामीलाई प्राय: अनुरूप हुन आग्रह गर्छन्।",विज्ञापनदाताहरूले हामीलाई कामहरू गर्न आग्रह गर्छन्।,0,1,0,neutral,False,llama-3.1-8b,mnli,False,False,False,,,
MNLI-Nepali_test_6822,स्टीभन पिन्करले औंल्याए कि ब्रह्माण्डको उत्पत्तिको बारेमा बुझ्नु त्यति उपयोगी सीप होइन।,स्टीभन पिन्करले ब्रह्माण्डको उत्पत्तिको बारेमा बुझ्नु उपयोगी सीप हो भन्ने विश्वास गर्दैनन्।,0,2,0,contradiction,False,llama-3.1-8b,mnli,False,False,True,,,
MNLI-Nepali_test_2260,"उसले अन्ततः भन्यो, 'ओहो, मेरो।'","उसले भन्यो, 'ओहो, मेरो।'",0,1,0,neutral,False,llama-3.1-8b,mnli,False,False,False,,,
MNLI-Nepali_test_1338,"प्रमुख आकर्षणहरूका लागि लाइनहरू प्रायः लामा भए तापनि, तपाईंलाई मनोरञ्जन दिन सधैं संगीत सडक शोहरू उपलब्ध हुन्छन्।",प्रमुख आकर्षणहरूका लागि प्रायः लामा लाइनहरू हुन्छन्।,0,1,0,neutral,False,llama-3.1-8b,mnli,False,False,False,,,
MNLI-Nepali_test_4349,"मिस्टर बेरेस्फोर्डले मलाई फोन गरेर भने, जुन मैले पहिले नै शंका गरेको थिएँ, कि मिस जेन फिनको तस्बिर मिस्टर हर्साइमरको कब्जाबाट कहिल्यै बाहिरिएको थिएन - तर केटीले बाधा पुर्‍याई।",मिस्टर बेरेस्फोर्डले मलाई फोन गरेर भने कि मिस्टर हर्साइमरसँग सधैं मिस फिनको तस्बिर थियो।,0,2,0,contradiction,False,llama-3.1-8b,mnli,False,False,False,,,
MNLI-Nepali_test_7216,"एड्रिनले सलाम गरे, लामो लठ्ठी नाकमा, छोटो लठ्ठी छेउमा, हत्केला खुला।",एड्रिनले हात फैलाए।,0,1,0,neutral,False,llama-3.1-8b,mnli,False,False,False,,,
MNLI-Nepali_test_7117,यदि महिलाले मेरो विरुद्ध चरित्र हत्याको लागि मानहानि मुद्दा दायर गरिन् भने के हुन्छ?,यदि महिलाले मलाई उनको मानहानिको लागि अदालतमा लगिन् भने के हुन्छ?,0,1,0,neutral,False,llama-3.1-8b,mnli,False,False,False,,,
MNLI-Nepali_test_2495,यस घटनामा कुनै पनि अष्ट्रेलियालीलाई हानि भएन।,यस घटनामा एक जना पनि अष्ट्रेलियालीलाई चोट लागेन।,0,1,0,neutral,False,llama-3.1-8b,mnli,False,False,False,,,
MNLI-Nepali_test_678,तपाईं भन्न सक्नुहुन्छ यो मेरो प्रकार हो।,कसैले भन्न सक्छ कि त्यो व्यक्तिलाई मनपर्ने प्रकार हो।,0,1,0,neutral,False,llama-3.1-8b,mnli,False,False,False,,,
MNLI-Nepali_test_9072,"हाम्रा कमाण्डर-इन-चीफको कामोत्तेजना नियन्त्रित छ, र उनी इराकबाट छुटकारा पाउनका लागि सुडानी औषधि कारखानाहरूमा बमबारी गरिरहेका छैनन् भनी थाहा पाउँदा हामी सबैले राम्रोसँग सुत्न सक्छौं।",कमाण्डर-इन-चीफको कामोत्तेजना उत्तम भन्दा कम छ।,0,1,0,neutral,False,llama-3.1-8b,mnli,False,False,True,,,
MNLI-Nepali_test_6194,"मूलतः १९२३ मा अल्बानीको कानुनी सहायता समाजको रूपमा स्थापना गरिएको, यसले अब क्यापिटल क्षेत्रभरका आठ काउन्टीहरूमा आय-योग्य ग्राहकहरूलाई सेवा दिन्छ।",कानुनी सहायता समाजले राजधानी क्षेत्रका गरिब मानिसहरूलाई मद्दत गर्छ।,0,1,0,neutral,False,llama-3.1-8b,mnli,False,False,False,,,
MNLI-Nepali_test_1921,"हो, मलाई शिक्षक बन्न मन थियो, तर मैले ती सबै गर्नु अघि मलाई यो कस्तो लाग्छ भनेर हेर्न चाहन्थेँ।",म पहिले शिक्षक बन्न चाहन्थेँ।,0,1,0,neutral,False,llama-3.1-8b,mnli,False,False,False,,,
MNLI-Nepali_test_8784,वाशिंगटनको मनपर्ने मध्ये एक,यात्राको कुरा आउँदा वाशिंगटनका स्पष्ट मनपर्नेहरू थिए।,1,0,0,entailment,False,llama-3.1-8b,mnli,False,False,False,,,
MNLI-Nepali_test_3961,"आयोगले १२ टिप्पणीकर्ताहरूबाट नियममा टिप्पणीहरू प्राप्त गर्यो, जसमा इजाजतपत्रधारीहरू, व्यापार संघहरू, र एक कानून फर्म समावेश थिए।",आयोगले वेबसाइटमा १२ जनाबाट टिप्पणीहरू प्राप्त गर्यो।,1,0,0,entailment,False,llama-3.1-8b,mnli,False,False,False,,,
MNLI-Nepali_test_5193,यसले तपाईंको रद्दीटोकरीको डब्बालाई आधामा काट्छ ताकि तपाईं एक छेउमा क्यान र अर्को छेउमा अन्य चीजहरू राख्न सक्नुहुन्छ।,यसले रद्दीटोकरी छुट्याउन सजिलो बनाउँछ।,1,0,0,entailment,False,llama-3.1-8b,mnli,False,False,False,,,
MNLI-Nepali_test_179,उसले आफ्नो शहर बचाउने थियो वा लड्दै मर्ने थियो।,उनी शहरलाई रोगबाट बचाउन दृढ थिए।,1,0,0,entailment,False,llama-3.1-8b,mnli,False,False,False,,,
MNLI-Nepali_test_3063,"के त्यो सही हो? ओह, राम्रो छ, त्यो साँच्चै राम्रो छ किनकि म",त्यो साँच्चै राम्रो छ किनभने म त्यहाँ काम गर्न सक्छु।,1,0,0,entailment,False,llama-3.1-8b,mnli,False,False,False,,,
MNLI-Nepali_test_2474,"‘म हिजोदेखि अझै दुखेको छु,’ एड्रिनले भनिन्।",एड्रिनलाई अघिल्लो दिनको कसरतले दुखेको थियो।,1,0,0,entailment,False,llama-3.1-8b,mnli,False,False,False,,,
MNLI-Nepali_test_5304,"मुख्य चौकको पारिपट्टि, सहरको हल, आधुनिक बनाइएको भए पनि, सुन्दर १५ औं शताब्दीदेखि १६ औं शताब्दीका म्यानुएलिन झ्यालहरू राखेको छ।",म्यानुएलिन विन्डोजहरू सुरुमा राखिएका थिए किनभने तिनीहरूलाई भवनलाई नोक्सान नगरी हटाउन लगभग असम्भव थियो।,1,0,0,entailment,False,llama-3.1-8b,mnli,False,False,False,,,
MNLI-Nepali_test_6635,र्यान्डीको टेक टक र वास्तविक समापनको सट्टा माफी,र्यान्डीको टेक टक र माफी एउटा कमजोर विकल्प हुनेछ।,1,0,0,entailment,False,llama-3.1-8b,mnli,False,False,False,,,
MNLI-Nepali_test_2756,"र मलाई लाग्छ कि जब उनको निधन भयो, त्यो सायद सबैभन्दा ठूलो कुरा थियो—मलाई लाग्छ कि त्यो उनको लागि बढी राहत थियो।",मलाई लाग्छ कि उनको मृत्यु उनका लागि ठूलो मुक्ति थियो; उनले धेरै दुःख पाएकी थिइन्।,1,0,0,entailment,False,llama-3.1-8b,mnli,False,False,False,,,
MNLI-Nepali_test_9243,"म तिमीलाई विश्वास गर्न सक्छु?"" म अलि अचम्मित भएँ।",तपाईं धेरै विश्वासयोग्य हुनुहुन्छ।,1,0,0,entailment,False,llama-3.1-8b,mnli,False,False,False,,,
MNLI-Nepali_test_4501,"र जब अण्डा फुत्किन्छ, तपाईंले त्यसलाई जोड्ने प्रयास गर्नुहुन्न!"" उसले पागल जस्तो देखिँदैनथ्यो, डेभले आफैंलाई भने।",अण्डा फुत्किन केही मिनेट मात्र बाँकी थियो।,1,0,0,entailment,False,llama-3.1-8b,mnli,False,False,True,,,
MNLI-Nepali_test_4760,मैले तिमीलाई यहाँ सोफामा बीस हजारमा सुत्नका लागि काममा लगाएको थिइनँ।,उनले तिमीलाई दिउँसो सोफामा सुत्नका लागि काममा लगाएका थिएनन्।,1,2,0,contradiction,False,llama-3.1-8b,mnli,False,False,False,,,
MNLI-Nepali_test_5971,"यो मूल्याङ्कन ४,८०० व्यवसायहरूको अनुमानमा आधारित छ जुन प्रभावित हुनेछन्, जसमध्ये ३,६०० लाई एसबीए एसआईसी कोडद्वारा सानोको रूपमा वर्गीकृत गर्न सकिन्छ।","प्रभावित व्यवसायहरूमध्ये ३,६०० लाई साना व्यवसाय मानिन्छ, एसबीए एसआईसी कोडद्वारा मात्र होइन, तर सर्वसाधारणद्वारा पनि।",1,0,0,entailment,False,llama-3.1-8b,mnli,False,False,True,,,
MNLI-Nepali_test_2147,"यस प्रकार, तीन दिन पछि, म स्टाइल्स सेन्ट मेरीमा ट्रेनबाट ओर्लें, जुन एउटा बेतुका सानो स्टेशन थियो, जसको कुनै अस्तित्वको स्पष्ट कारण थिएन, हरियाली खेतहरू र ग्रामीण मार्गहरूको बीचमा अवस्थित थियो।",स्टेसन हेर्न लायक थिएन।,1,0,0,entailment,False,llama-3.1-8b,mnli,False,False,False,,,
MNLI-Nepali_test_408,'हतार गर्नुहोस्!',मैले हेनरीलाई हतार गर्न भनेँ।,1,0,0,entailment,False,llama-3.1-8b,mnli,False,False,False,,,
MNLI-Nepali_test_7000,"चोकमा जाने सिँढीहरूको दुवैतिर, कछुवाका मूर्तिहरूमाथि उभिएका, प्रार्थना गरिरहेका सवारहरू भएका दुईवटा काँसका हात्तीहरू छन्।",सवारहरूलाई परम्परागत युद्धक कान लगाएको चित्रण गरिएको छ।,1,0,0,entailment,False,llama-3.1-8b,mnli,False,False,False,,,
MNLI-Nepali_test_3101,"हो, साँच्चै, त्यसैले म एरोबिक्सको आनन्द लिन्छु र मलाई यो मन पर्ने हुनाले गर्छु, मेरो मतलब मलाई संगीत मन पर्छ र...",म संगीतको कारणले धेरै एरोबिक्स गर्छु।,1,0,0,entailment,False,llama-3.1-8b,mnli,False,False,False,,,
MNLI-Nepali_test_7113,विल्शायर बुलेभार्ड डाउनटाउन क्षेत्रलाई ला ब्रिया टार पिट्ससँग जोड्ने एक भारतीय ट्रेलको रूपमा सुरु भयो र पछि एक उच्च-स्तरको किनमेल र व्यापारिक जिल्लाको रूपमा विकसित भयो।,विल्शायर बुलेभार्ड शहरको एक फस्टाउँदो भाग मानिन्छ।,1,0,0,entailment,False,llama-3.1-8b,mnli,False,False,False,,,
MNLI-Nepali_test_7114,उत्कृष्ट गोप्य कुरा! कहिल्यै सर्कस देख्नुभएको छ?,कस्तो राम्रो गोप्य कुरा! के तपाईंले कहिल्यै सर्कस प्रदर्शन हेर्ने मौका पाउनुभएको छ?,1,0,0,entailment,False,llama-3.1-8b,mnli,False,False,False,,,
MNLI-Nepali_test_3776,उनले यसलाई ताने तर टाउको काँडा भएको थियो।,उनले धनुलाई तानिन्।,1,0,0,entailment,False,llama-3.1-8b,mnli,False,False,False,,,
MNLI-Nepali_test_7004,"जब म यो अनुच्छेदमा पुगेँ, मेरो समस्या समाधान भयो।",मेरो समस्या यो अनुच्छेद र त्यसपछिको अर्को अनुच्छेद पढ्दा समाधान भयो।,1,0,0,entailment,False,llama-3.1-8b,mnli,False,False,False,,,
MNLI-Nepali_test_5234,दुःखद रूपमा जीर्ण पुरानो नौसेना अस्पताल थोरै उत्तरमा फेला पार्न सकिन्छ; यसको विशिष्ट फलामका टेकाहरू सन् १८१९ मा जमैका ल्याइएका थिए र भूकम्प र आँधी दुवैबाट सुरक्षित हुने गरी डिजाइन गरिएका थिए।,अस्पतालका लागि फलामका टेकाहरू अर्को भवनका लागि पुन: प्रयोग गर्न सकिन्छ।,1,0,0,entailment,False,llama-3.1-8b,mnli,False,False,False,,,
MNLI-Nepali_test_6653,सालेममा हुनु हाम्रा धेरै ग्राहकहरूको लागि ठूलो प्लस हुनेछ।,हाम्रा ग्राहकहरू उत्साही बोक्सी शिकारीहरू हुन् र सालेमको बोक्सी परीक्षणको इतिहासमा रमाउनेछन्।,1,0,0,entailment,False,llama-3.1-8b,mnli,False,False,False,,,
MNLI-Nepali_test_2271,"२० को दशकको प्रसाधन सामग्री-र-धूम्रपान उन्मादले निर्मित लिपस्टिक, कंघी, र चुरोटका लागि डिब्बा सहित रत्न-जडित भ्यानिटी केसहरूको सम्पूर्ण संग्रह उत्पादन गर्यो।",ती भ्यानिटी केसहरू हेर्नमा साँच्चै कुरूप थिए।,1,2,0,contradiction,False,llama-3.1-8b,mnli,False,False,False,,,
MNLI-Nepali_test_1859,"र त्यो, तपाईंलाई थाहा छ, त्यो हामी दुईजनासँग असीमित फ्रान्सेली फ्राइज हुनु हो।",असीमित फ्रान्सेली फ्राइजको विकल्प राम्रो सम्झौता हो।,1,0,0,entailment,False,llama-3.1-8b,mnli,False,False,False,,,
MNLI-Nepali_test_3727,"कादानले मानिसको शरीरमा भएका घाउहरू हेरे, अनौठा घाउहरू जुन उसले बुझ्न सकेन।",मानिसलाई कसरी चोट लागेको थियो भन्ने थाहा थिएन।,1,0,0,entailment,False,llama-3.1-8b,mnli,False,False,False,,,
MNLI-Nepali_test_934,"यसका अतिरिक्त, नियमले केही नियन्त्रित व्यवसाय खुलासा आवश्यकताहरूलाई परिमार्जन गर्दछ।",संशोधनहरूले आवश्यकताहरू पूरा गरे।,1,0,0,entailment,False,llama-3.1-8b,mnli,False,False,False,,,
MNLI-Nepali_test_8588,"मलाई तथ्यका आधारमा थाहा छ कि, उनीसँग प्रेममा हुनुभन्दा पनि, उसले उनलाई सकारात्मक रूपमा घृणा गर्छ।",उनीहरूबीच घर्षण छ।,1,0,0,entailment,False,llama-3.1-8b,mnli,False,False,False,,,
MNLI-Nepali_test_7115,"स्टेशन प्लाजाबाट छोटो बस यात्राले तपाईंलाई रातो-लाख शिंक्यो (पवित्र पुल) मा पुर्याउँछ, जुन दैया नदीमा २८ मिटर (९२ फीट) लामो छ, जहाँबाट तोशोगुको तपाईंको अन्वेषण सुरु हुन्छ।",पवित्र पुलमा बसबाट पुग्न १० मिनेट लाग्छ।,1,0,0,entailment,False,llama-3.1-8b,mnli,False,False,False,,,
MNLI-Nepali_test_1190,"कुनै अचम्म छैन कि उनी छेउमा भएका दुई जना बढी काम, पिटाइ र भोकले मरेका थिए।",उसले देख्न सक्यो कि अरू दुई जना पीडादायी मृत्यु मरेका थिए।,1,0,0,entailment,False,llama-3.1-8b,mnli,False,False,True,,,
MNLI-Nepali_test_7580,उसले मायालु आमाको अन्तर्वार्ता लिन्छ।,आमालाई टिभीमा हुन मन पर्छ।,1,0,0,entailment,False,llama-3.1-8b,mnli,False,False,False,,,
MNLI-Nepali_test_4173,र पत्रिका अझै पनि खल्तीमा लपेटिएको थियो!,खल्तीमा टाइम पत्रिका थियो।,1,0,0,entailment,False,llama-3.1-8b,mnli,False,False,False,,,
MNLI-Nepali_test_76,"एडम्सले 'के, को, कहाँ, कहिले र कसरी' मा ध्यान केन्द्रित गर्न सिफारिस गरे।","एडमको अनुसार, ध्यान केन्द्रित गर्नुपर्ने सबैभन्दा महत्त्वपूर्ण कुराहरू 'को, के, कहाँ, कहिले र कसरी' हुन्।",1,0,0,entailment,False,llama-3.1-8b,mnli,False,False,False,,,
MNLI-Nepali_test_5816,"यसबाहेक, कांग्रेसले जीएओलाई प्रभावकारी कार्यबल भर्ना गर्न, कायम राख्न र उत्प्रेरित गर्न मद्दत गर्ने मुद्दाहरूमा विचार गर्न महत्त्वपूर्ण हुनेछ।",कांग्रेसका निर्णयहरूले नयाँ कर्मचारीहरूलाई काममा राख्न मद्दत गर्नेछ।,1,0,0,entailment,False,llama-3.1-8b,mnli,False,False,False,,,
MNLI-Nepali_test_4458,इटालियनहरूले राष्ट्रिय सरकारलाई सजिलै स्वीकारेनन्।,इटालियनहरूलाई सरकार मन पराउन मनाउन सकिन्थ्यो।,1,0,0,entailment,False,llama-3.1-8b,mnli,False,False,False,,,
MNLI-Nepali_test_6807,"यो एक पटक मसँगबाट खोसिएको थियो, र मैले निश्चित गरें कि मैले यो पाएको कुरा कसैलाई भन्न दिने छैन जबसम्म एक फोटोग्राफरले यसको दर्जनौं प्रतिलिपि बनाउँदैनन्।",मलाई यसको धेरै वास्ता थियो।,1,0,0,entailment,False,llama-3.1-8b,mnli,False,False,True,,,
MNLI-Nepali_test_4305,"एक यस्तो समय जब समग्र एजेन्सी बजेटमा दबाब छ, तालिम बजेट बढ्ने सम्भावना छैन।","शेयर बजारमा गिरावट आएमा, तालिम बजेट बढ्नु हुँदैन।",1,0,0,entailment,False,llama-3.1-8b,mnli,False,False,True,,,
MNLI-Nepali_test_7284,"तपाईंलाई लाग्ला कि ११ मिलियन डलर १९८० को दशकमा डाइमलर-बेन्जको स्टक भएकाहरूको खल्तीबाट आएको हो, तर त्यो आवश्यक छैन।",स्टकले १९८० को दशकमा राम्रो प्रदर्शन गर्यो।,1,0,0,entailment,False,llama-3.1-8b,mnli,False,False,True,,,
MNLI-Nepali_test_7970,"पाठहरू २५ मिनेट लामो थिए, अझ लामो भए बच्चाहरूले निरन्तर तनाव सहन सक्ने थिएनन्।",बच्चाहरूले २५ मिनेटको पाठ बिना कुनै समस्या ह्यान्डल गर्न सक्छन्।,2,0,0,entailment,False,llama-3.1-8b,mnli,False,False,False,,,
MNLI-Nepali_test_5651,र के मैले तुरुन्तै हत्यारालाई न्यायको कठघरामा ल्याउनु पर्ने कठिनाईको बारेमा कुरा गरिनँ?,मैले तुरुन्तै भनें कि हत्यारालाई न्यायको कठघरामा ल्याउन सजिलो हुनेछ।,2,0,0,entailment,False,llama-3.1-8b,mnli,False,False,True,,,
MNLI-Nepali_test_2555,"होइन, तपाईं गलत हुनुपर्छ।"" डेभले सम्झेअनुसार, टेस्ला एडिसन जस्ता मानिसहरूबाट यस्तै शंकाहरूले ग्रस्त थिए।",डेभलाई टेस्लाको बारेमा केही थाहा थिएन।,2,1,0,neutral,False,llama-3.1-8b,mnli,False,False,True,,,
MNLI-Nepali_test_559,"हो, जब मसँग केबल थियो, म सिएनएनमा मात्र राख्थेँ, हेर्नको लागि होइन तर पृष्ठभूमिमा राख्नको लागि किनभने म सधैं सुन्थेँ।",म अहिले पनि केबल प्रयोग गर्छु।,2,0,0,entailment,False,llama-3.1-8b,mnli,False,False,True,,,
MNLI-Nepali_test_8667,"म लागूपदार्थ लिन्नँ – मैले आफ्नो जीवनमा कहिल्यै लागूपदार्थ लिएको छैन – मैले कहिल्यै एक गिलास रक्सी पिएको छैन, मैले कहिल्यै एक कप कफी पिएको छैन, मैले कहिल्यै चुरोट पिएको छैन।",मलाई रक्सी पिउन र चुरोट पिउन मन पर्छ।,2,0,0,entailment,False,llama-3.1-8b,mnli,False,False,True,,,
MNLI-Nepali_test_5207,"तपाईंको करमा, हो, त्यो वास्तवमा त्यस्तै हो, अँ, के तपाईंले कहिल्यै आफ्नो घरको स्वामित्व लिनुभएको छ?",के तपाईंले कहिल्यै चन्द्रमामा बस्नुभएको छ?,2,1,0,neutral,False,llama-3.1-8b,mnli,False,False,False,,,
MNLI-Nepali_test_7676,"मलाई छिटो गर भन्यो, र हतार गर।",आफ्नो समय लिनुहोस्।,2,0,0,entailment,False,llama-3.1-8b,mnli,False,False,False,,,
MNLI-Nepali_test_4401,"हो, म न्यू मेक्सिकोको रोजवेलमा हुर्किएँ।",म आफ्नो जीवनभर टेक्सासमा बसेको छु।,2,1,0,neutral,False,llama-3.1-8b,mnli,False,False,False,,,
MNLI-Nepali_test_6829,रेगी रोबी उनी कसको लागि खेल्छन्?,ब्रेट फेभ्रे कसको लागि खेल्छन्?,2,1,0,neutral,False,llama-3.1-8b,mnli,False,False,False,,,
MNLI-Nepali_test_5230,"म अलिकति गधा छु, तपाईंलाई थाहा छ।",मेरो शरीरमा एक टुक्रा पनि गधाको हड्डी छैन।,2,0,0,entailment,False,llama-3.1-8b,mnli,False,False,True,,,
MNLI-Nepali_test_5866,यी अध्ययनहरू प्रयोगात्मक अध्ययन थिए जसको उद्देश्य रोगका अन्त्यबिन्दुहरूको लागि मानहरू प्राप्त गर्न नयाँ पद्धतिहरू जाँच्नु थियो।,"अध्ययनहरूले स्वीकृत, मानकीकृत विधिहरू पालना गरे।",2,1,0,neutral,False,llama-3.1-8b,mnli,False,False,False,,,
MNLI-Nepali_test_118,"हम्म, हो, यो अहिले अविश्वसनीय छ।",यो पहिलेको भन्दा धेरै राम्रो भएको छ।,2,0,0,entailment,False,llama-3.1-8b,mnli,False,False,False,,,
MNLI-Nepali_test_4277,म तपाईंलाई नौ तीस बजेतिर कारमा फोन गर्नेछु।,तपाईंले मबाट आठ बजे फोनको अपेक्षा गर्न सक्नुहुन्छ।,2,1,0,neutral,False,llama-3.1-8b,mnli,False,False,False,,,
MNLI-Nepali_test_3888,"टिफेरेट इजरायल सिनागोग, जसलाई निसान बेक पनि भनिन्छ, लगभग एक शताब्दीअघि मिसगाभ लाडाख र चायेई ओलाम सडकहरू नजिकैको एउटा ठाउँमा समर्पित गरिएको थियो।","टिफेरेट इजरायल सिनागोगलाई निसान बेक, नजिकैको कार्यालय भवनसँग भ्रमित गर्नुहुँदैन।",2,0,0,entailment,False,llama-3.1-8b,mnli,False,False,True,,,
MNLI-Nepali_test_8589,रोमनहरू,इट्रस्कानहरू।,2,1,0,neutral,False,llama-3.1-8b,mnli,False,False,False,,,
MNLI-Nepali_test_8395,"टिभीमा खेल हेर्नु स्टेडियममा भीडसँग लड्नु भन्दा राम्रो हो, तर म बस्दिनँ, म ठूला खेलहरू, सुपर बाउल र च्याम्पियनसिपका लागि बस्छु।",म कुनै पनि खेलकुद हेर्दिनँ।,2,1,0,neutral,False,llama-3.1-8b,mnli,False,False,False,,,
MNLI-Nepali_test_4648,उत्कृष्ट कपाल भएका सेक्सी केटीहरूले आफ्नो घाँटी वरिपरि केही गज सादा ऊनलाई फ्याँक्नेछन्।,"ती केटीहरू औसत देखिने मात्र थिए, तर उनीहरूले भारी अलंकृत स्कार्फ र कोट लगाएका थिए।",2,1,0,neutral,False,llama-3.1-8b,mnli,False,False,False,,,
MNLI-Nepali_test_9613,उनीहरूसामु उभिएको मानिस फरक थियो।,उनीहरूसामु उभिएको मानिस ठ्याक्कै उही थियो।,2,0,0,entailment,False,llama-3.1-8b,mnli,False,False,False,,,
MNLI-Nepali_test_484,उनीहरूले एकअर्कालाई च्यातेर मर्ने र मरेकाहरूलाई खाए।,उनीहरू शाकाहारी थिए।,2,0,0,entailment,False,llama-3.1-8b,mnli,False,False,False,,,
MNLI-Nepali_test_2676,"बुशको विश्व मामिला क्विजको उत्तरहरूको आलोचना गरेर, गोर बुशको कमजोरी बढाउन र बुशको तर्कलाई बदनाम गर्न खोज्दैछन्।",गोरले विश्व मामिला क्विजपछि बुशलाई राम्रो देखाउने प्रयास गरे।,2,0,0,entailment,False,llama-3.1-8b,mnli,False,False,False,,,
MNLI-Nepali_test_7261,तपाईं अति क्रोधित हुनुहुन्थ्यो।,तपाईं शान्त र स्थिर देखिनुभयो।,2,0,0,entailment,False,llama-3.1-8b,mnli,False,False,False,,,
MNLI-Nepali_test_7520,ओशाले सानो व्यवसाय प्रशासनलाई प्रमाणित गरेको छ कि अन्तिम नियमले ठूलो संख्यामा साना संस्थाहरूमा महत्त्वपूर्ण प्रभाव पार्ने छैन।,"एसबिएसले चिन्ता गर्नुपर्छ, यो नियमले उनीहरूलाई बर्बाद गर्नेछ।",2,0,0,entailment,False,llama-3.1-8b,mnli,False,False,True,,,
MNLI-Nepali_test_4332,"वर्षको धेरैजसो रातको तापक्रम चिसोभन्दा तल झर्छ, जबकि वार्षिक औसत तापक्रम १०°सेल्सियस (५०°फारेनहाइट) भन्दा कम हुन्छ।",वार्षिक औसत तापक्रम ९० डिग्री फारेनहाइटको तातो तापक्रम हो।,2,1,0,neutral,False,llama-3.1-8b,mnli,False,False,False,,,
MNLI-Nepali_test_3873,जोनले मानिसको आँखामा केही अपरिचित कुरा देखे।,मानिसको आँखामा जोनका लागि परिचित झलक थियो।,2,0,0,entailment,False,llama-3.1-8b,mnli,False,False,False,,,
MNLI-Nepali_test_8495,हामीमाथि एउटा ठूलो बस आइरहेको छ।,ठूलो बस हामीबाट टाढा गइरहेको हुनाले कुनै चिन्ता छैन।,2,1,0,neutral,False,llama-3.1-8b,mnli,False,False,True,,,
MNLI-Nepali_test_447,"र, यदि छनोट हामी प्रत्येकमा निर्भर भए पनि, यो यस्तो समुदायमा गरिने छनोट हुनेछ जसले कालो चिन्तकले के गर्न सक्छ भन्नेमा अझै पनि कडा प्रतिबन्धहरू लगाउँछ।",समुदायमा कुनै जातीय नियमहरू छैनन्।,2,1,0,neutral,False,llama-3.1-8b,mnli,False,False,True,,,
MNLI-Nepali_test_9892,"‘त्यति नै हो,’ टपेन्सले भनिन्।","एरिकले भने, “यो यति नै हो।”",2,0,0,entailment,False,llama-3.1-8b,mnli,False,False,False,,,
MNLI-Nepali_test_4144,फ्लाइट्रापको एक मात्र चाँदी - गोपनीयताको क्षय बारे नयाँ चिन्ता।,गोपनीयता महत्त्वपूर्ण छ र त्यसैले यसलाई बलियो बनाइँदैछ।,2,0,0,entailment,False,llama-3.1-8b,mnli,False,False,False,,,
MNLI-Nepali_test_7739,"(एनस्टन, जे होस्, यस महिना अत्यधिक उत्साही हरिणले उनको पछाडि टोकेपछि उनी पनि अनौठो पछाडिको दुर्घटनाको शिकार भइन् भनी इन्क्वायररले भन्छ, त्यसैले टिप्पणीहरू तुलना गर्न चाहन्छिन्।)",इन्क्वायररका अनुसार एनस्टनलाई यस महिना कुनै दुर्घटना भएन।,2,1,0,neutral,False,llama-3.1-8b,mnli,False,False,False,,,
MNLI-Nepali_test_6491,प्रभाव हेर्न एउटा सलाईको काँटी बाल्नुहोस्।,सलाईको काँटी बाल्दा केही पनि देखिँदैन।,2,0,0,entailment,False,llama-3.1-8b,mnli,False,False,True,,,
MNLI-Nepali_test_10101,वुल्फले स्पष्टता र क्रूरतालाई सत्य बताउनेसँग भ्रमित गर्ने मानवीय प्रवृत्तिलाई शोषण गर्छ।,वुल्फले क्रूरतापूर्वक सत्य बताउने र सामान्य इमानदारी बीचको पातलो रेखालाई पूर्ण रूपमा बेवास्ता गर्छ।,2,0,0,entailment,False,llama-3.1-8b,mnli,False,False,False,,,
MNLI-Nepali_test_8773,कुनै चिन्ता नगर्नुहोस्।,तपाईंले धेरै चिन्ता गर्नुपर्छ।,2,0,0,entailment,False,llama-3.1-8b,mnli,False,False,True,,,
MNLI-Nepali_test_5891,"हो, ठिक छ र अ... यो साँच्चै एक उत्कृष्ट फिल्म थियो, अभिनय अभूतपूर्व थियो।",उत्कृष्ट अभिनय एक अन्यथा सामान्य फिल्मको लागि मात्र एउटा राम्रो कुरा थियो।,2,0,0,entailment,False,llama-3.1-8b,mnli,False,False,False,,,
MNLI-Nepali_test_5039,"मैले पहिला आईका एजेन्टलाई गोली हानेँ, टोपी लगाएको मान्छेलाई।","मैले उसलाई गोली हान्ने विचार गरेँ, तर त्यसको सट्टा भागेँ।",2,1,0,neutral,False,llama-3.1-8b,mnli,False,False,False,,,
MNLI-Nepali_test_2410,"“म माफी माग्छु,” डाक्टरले भने।",डाक्टरले आफूसँग माफी माग्न केही छैन भने।,2,1,0,neutral,False,llama-3.1-8b,mnli,False,False,True,,,
MNLI-Nepali_test_7750,यहाँ मूल्यहरू उचित छन्।,यो सबैभन्दा महँगो मध्ये एक हो।,2,0,0,entailment,False,llama-3.1-8b,mnli,False,False,False,,,
MNLI-Nepali_test_1755,"हो, राम्रो लाग्यो, से स्टेडियम पुग्न मलाई ७ घण्टा लाग्नेछ।",त्यो मानिस भन्छ कि उसले से स्टेडियममा टेलिपोर्ट गर्न सक्छ।,2,1,0,neutral,False,llama-3.1-8b,mnli,False,False,False,,,
MNLI-Nepali_test_263,यहीँ हो जहाँ १७९७ मा हजार वर्ष पुरानो रिपब्लिका सेरेना नेपोलियनको हातबाट पतन भयो।,नेपोलियन यहाँ १७९७ मा पराजित भए।,2,0,0,entailment,False,llama-3.1-8b,mnli,False,False,False,,,
