instance_id,premise,hypothesis,true_label,pred_label,correct,model,dataset,conf_label0,conf_label1,conf_label2,flag_romanization,flag_codeswitching,flag_negation,taxonomy_tier,annotator_note,annotator_id
RTE-Nepali_test_153,"स्कारफेस नामले चिनिने एक युवा बन्दुकधारीलाई एक आशाजनक किशोर फुटबलरको हत्याको लागि आजीवन कारावासको सजाय सुनाइएको छ। रिचर्ड ह्यारिसन-एलन, २०, ले एटेम सेलेबीलाई नोभेम्बर २००७ मा गोली हानेर मारे जब उनले उत्तरी लन्डनको स्टोक न्यूइङ्गटन, स्माली क्लोज इस्टेटबाट भाग्ने प्रयास गरेका थिए। ह्याकनी, पूर्वी लन्डनका गिरोह सदस्य ह्यारिसन-एलनलाई यस महिनाको सुरुमा किशोरको हत्याको दोषी ठहर गरिएको थियो, र सेन्ट अल्बान्स क्राउन कोर्टमा कम्तीमा २६ वर्षको सजाय सुनाइयो। सजाय सुनाउँदा उनी निस्क्रीय रूपमा बसे।","""स्कारफेस"" रिचर्ड ह्यारिसन-एलनको उपनाम हो।",0,1,0,mdeberta,rte,0.389,0.583,0.0284,False,False,False,,,
RTE-Nepali_test_415,"बुधवार सार्वजनिक गरिएको राष्ट्रिय रिपोर्ट कार्ड अनुसार एरिजोनाले अन्य धेरै राज्यहरू भन्दा राम्रो मानसिक-स्वास्थ्य हेरचाह प्रदान गर्दछ, तर अझै पनि पीडित मानिसहरूलाई सेवा पुर्याउन संघर्ष गरिरहेको छ। राष्ट्रिय मानसिक रोग गठबन्धनले एरिजोनालाई 'सी' ग्रेड दियो, जुन तीन वर्ष अघि राज्यले प्राप्त गरेको 'डी' ग्रेडमा सामान्य सुधार हो, जुन अध्ययन अन्तिम पटक गरिएको थियो। एरिजोना 'सी' ग्रेड पाउने १८ राज्यहरूमध्ये एक थियो। राष्ट्रिय औसत 'डी' थियो। छवटा राज्यले 'बी' प्राप्त गरे; कसैले पनि 'ए' प्राप्त गरेन।",एरिजोना र अन्य १७ राज्यहरूले मानसिक-स्वास्थ्य हेरचाहको क्षेत्रमा 'सी' ग्रेड प्राप्त गरे।,0,1,0,mdeberta,rte,0.1954,0.564,0.2404,False,False,False,,,
RTE-Nepali_test_466,युएसए ट्र्याक एण्ड फिल्डका सामान्य सल्लाहकार जिल पिल्ग्रिमले खेलकुद वकिलहरूको सम्मेलनमा महिला खेलकुदसम्बन्धी एक प्यानलमा यो मुद्दा उठाए। पिल्ग्रिमले भने कि लिङ्ग परिवर्तनका अपरेसनहरू सामान्य हुँदै जाँदा कानुनी रूपमा को महिला मानिन्छ भन्ने बारेको कानून परिवर्तन भइरहेको छ।,लिङ्ग परिवर्तनका अपरेसनहरू सामान्य हुँदै गएका छन्।,0,1,0,mdeberta,rte,0.2148,0.7754,0.0098,False,False,False,,,
RTE-Nepali_test_101,"अनुमानहरूमा धेरै भिन्नता छ, तर ग्रामीण र शहरी भारतका घरहरू, कारखानाहरू, पसलहरू, खेतहरू, वेश्यालयहरू र सडकहरूमा १० करोडसम्म बालबालिका काम गरिरहेका छन् भन्ने विश्वास गरिन्छ।",एसियामा बाल श्रमको व्यापक प्रयोग गरिन्छ।,0,1,0,mdeberta,rte,0.297,0.6895,0.0136,False,False,False,,,
RTE-Nepali_test_429,हिप्पोपोटामसहरू प्रायः मानिसहरूसँग द्वन्द्वमा आउँछन्।,हिप्पोपोटामसले मानिसलाई आक्रमण गर्छ।,0,1,0,mdeberta,rte,0.2402,0.7505,0.0091,False,False,False,,,
RTE-Nepali_test_30,"मङ्गलबार ढिलो, अमेरिकी राज्य टेक्सासका अधिकारीहरूले जोसे मेडेलिनलाई मृत्युदण्ड दिए, जो एक मेक्सिकन नागरिक थिए र १९९३ मा दुई किशोरी केटीहरूको बलात्कार र हत्याको आरोपमा दोषी ठहरिएका थिए। अन्तर्राष्ट्रिय न्याय अदालत (आईसीजी) र संयुक्त राष्ट्रसंघका महासचिव बान की-मुनको आपत्तिसहित अन्तर्राष्ट्रिय कानुनी विवादको केन्द्रबिन्दुमा रहे पनि यो मृत्युदण्ड कार्यान्वयन गरियो। जोसे अर्नेस्टो मेडेलिन, ३३, मेक्सिकोमा जन्मेका थिए तर बच्चा छँदै अमेरिका सरेका थिए। उनलाई टेक्सासको ह्युस्टनमा १९९३ मा १४ र १६ वर्षका दुई केटीहरूको बलात्कार र हत्याको लागि मृत्युदण्डको सजाय सुनाइएको थियो। मङ्गलबार राति ९:५७ बजे सीडीटीमा, उनलाई हन्ट्स्विलको हन्ट्स्विल युनिटमा घातक इंजेक्शन दिइयो, टेक्सास डिपार्टमेन्ट अफ क्रिमिनल जस्टिसका अनुसार।",जोसे मेडेलिनलाई हन्ट्स्विल जेलमा मृत्युदण्ड दिइएको थियो।,0,2,0,mdeberta,rte,0.1554,0.1476,0.697,False,False,False,,,
RTE-Nepali_test_146,"बोक्सीको घण्टा बित्यो र शनिबार विश्वभरका पुस्तक पसलहरूमा पोटरका प्रशंसकहरू ओइरिए, शृङ्खलाको पछिल्लो किस्ताको प्रतिलिपिहरू खोस्दै जसले इतिहासमा सबैभन्दा छिटो बिक्री हुने पुस्तक बन्ने वाचा गर्दछ।",पुस्तक किन्नको लागि पोटरका प्रशंसकहरू द्रुत रूपमा काउन्टरमा पुगे।,0,1,0,mdeberta,rte,0.2742,0.681,0.0445,False,False,False,,,
RTE-Nepali_test_486,यो कोलाहल लगभग ७५० मिलियनदेखि ६०० मिलियन वर्ष पहिलेको हिमनदी कालको बारेमा हो।,करिब ७५० मिलियनदेखि ६०० मिलियन वर्ष पहिले एउटा हिमनदी काल आएको थियो।,0,1,0,mdeberta,rte,0.317,0.664,0.0187,False,False,False,,,
RTE-Nepali_test_15,"यो समूहले, निशस्त्रीकरण, वातावरणीय, शान्ति र धार्मिक संस्थाहरूको व्यापक गठबन्धनका साथ, फ्रान्सेली कम्पनीहरूमाथि आर्थिक प्रभाव पार्न र चिराकलाई सबै आणविक हतियार परीक्षणहरू अन्त्य गर्न प्रोत्साहित गर्न बहिष्कारले दबाब दिने अपेक्षा गरेको छ।",फ्रान्सेली आणविक परीक्षणहरू अन्त्य गर्न अन्तर्राष्ट्रिय दबाब दिइएको छ।,0,1,0,mdeberta,rte,0.319,0.6646,0.0166,False,False,False,,,
RTE-Nepali_test_357,"यद्यपि उनले सत्ताधारी दलले अहिलेसम्म पाएको सबैभन्दा कम बहुमत, ४८.७% मतका साथ जितेका थिए, उनको मत दक्षिणपन्थी उपविजेता डिएगो फर्नान्डिज डे सेभालोसको भन्दा लगभग दोब्बर थियो। र आगामी महिनाहरूमा अन्य ल्याटिन अमेरिकी चुनावहरू जित्नका लागि भित्री व्यक्तिहरूलाई अहिले मन पराइएको छ: ब्राजिलमा, पूर्व सिनेट नेता र क्याबिनेट मन्त्री फर्नान्डो हेनरिक कार्डोसोले राष्ट्रपतिको पहिलो चरणमा बाहिरी व्यक्ति लुइस इनासियो (लुला) दा सिल्भा, एक वामपन्थी पूर्व श्रम नेताभन्दा अगाडि रहने अपेक्षा गरिएको छ।",फर्नान्डो हेनरिक कार्डोसो ब्राजिलका पूर्व सिनेट नेता र क्याबिनेट मन्त्री हुन्।,0,1,0,mdeberta,rte,0.35,0.3684,0.2815,False,False,False,,,
RTE-Nepali_test_108,हरेक वर्ष इजरायलले व्यक्तिहरूलाई केवल विवेकको कारणले सैन्य सेवा गर्न अस्वीकार गरेकै कारण जेल हाल्छ।,मानिसहरू सैन्य सेवा गर्नको सट्टा जेल जान जोखिम उठाउन इच्छुक छन्।,0,1,0,mdeberta,rte,0.1025,0.7056,0.1918,False,False,False,,,
RTE-Nepali_test_49,"प्रारम्भिक परीक्षणले प्रकोपको स्रोत अत्यधिक संक्रामक नोरोभाइरस भएको पहिचान गरेको छ, जसले नोभेम्बर ३ मा रोममा क्रूजमा चढ्नुभन्दा ठीक अघि धेरै अतिथिहरूलाई संक्रमित गरेको थियो, कार्निवलका अधिकारीहरूले भने।",नोरोभाइरस जहाजमा फैलिएको प्रकोपको स्रोत हो।,0,1,0,mdeberta,rte,0.1243,0.7036,0.172,False,False,False,,,
RTE-Nepali_test_299,"सिएटल — संयुक्त राष्ट्रसंघका ग्याङका नेता क्ले रुएचले मंगलबार कोकेन, गाँजा र अवैध लागुऔषधको नाफाको तस्करीको षड्यन्त्रमा अचम्मलाग्दो रूपमा दोषी स्वीकार गरेपछि कम्तिमा ३० वर्ष जेलमा बिताउनुपर्ने, अमेरिकी अधिवक्ता जेफ्री सुलिवानले बताए। सुलिवानले अदालत बाहिर भने कि रुएचको हिंसात्मक संयुक्त राष्ट्र ग्याङको नेतृत्व र अन्तर्राष्ट्रिय लागुऔषध षड्यन्त्रको परिष्कृतताले ३३ वर्षीय क्यानेडियनलाई लामो सजाय — जीवनभरसम्म — को लागि तर्क गर्न प्रयोग गरिने सबै कारकहरू हुनेछन्। र उनले जोड दिए कि रुएचसँग भएको निवेदन सम्झौतामा ",क्ले रुएच ३३ वर्षका हुन्।,0,1,0,mdeberta,rte,0.3752,0.4536,0.1713,False,False,False,,,
RTE-Nepali_test_39,"भूतको सर्ट सन् १८९२ मा एक भारतीय दुभाषियाद्वारा ग्लासगो संग्रहालयलाई दान गरिएको थियो र १०० वर्षदेखि आगन्तुकहरूको आकर्षणको केन्द्र बनेको छ। सन् १९९५ मा सिओक्स जनजातिका वंशजहरूले यसको फिर्ताको लागि निवेदन दिएपछि यो स्वामित्व विवादको विषय बन्यो। वाउन्डेड नी सर्भाइभर्स एसोसिएशन, जसमा लाकोटाका एक वृद्ध पनि समावेश थिए, ले यसलाई जनजातिलाई फिर्ता गराए।",एक सिओक्स भूतको सर्ट स्कटिश संग्रहालयले फिर्ता गर्‍यो।,0,2,0,mdeberta,rte,0.3223,0.0818,0.5957,False,False,False,,,
RTE-Nepali_test_369,"जंगली विशाल पाण्डाको संख्याको आजको उत्कृष्ट अनुमान करिब १,१०० व्यक्तिहरू हुन् जो चीनको सिचुआन प्रान्तमा, तर शान्सी र गान्सु प्रान्तहरूमा पनि ३२ वटा छुट्टाछुट्टै जनसङ्ख्यामा बसोबास गर्छन्।","चीनको जंगलमा १,१०० पाण्डा छन्।",0,1,0,mdeberta,rte,0.0151,0.94,0.0452,False,False,False,,,
RTE-Nepali_test_20,"क्रोएसियालीले प्रतिस्पर्धाको सामना गर्नेछ, विशेष गरी चिनियाँ मूलका अमेरिकी, माइकल चाङ, जो प्रतियोगितामा दोस्रो वरीयताका खेलाडी हुन्। आयोजकहरूले आशा गरेका छन् कि यस प्रतियोगिताले उनीहरूको देशहरूमा टेनिसको विकासमा योगदान पुर्याउनेछ।","क्रोएसियाली र एसियाली-अमेरिकी, माइकल चाङ (नम्बर दुई) एकअर्कासँग खेल्नेछन्, र आशा छ कि यसले उनीहरूको गृहनगरमा खेललाई लोकप्रिय बनाउनेछ।",0,1,0,mdeberta,rte,0.0522,0.946,0.0023,False,False,False,,,
RTE-Nepali_test_399,"शिमोगा: यहाँबाट करिब १५ किलोमिटर टाढा रहेको सक्रेबैल्लो हात्ती शिविरमा रहेका सबैभन्दा पुरानो हात्ती शिवुको स्वास्थ्य अवस्था यसका मर्मत कर्मचारीहरूका लागि चिन्ताको विषय बनेको छ। पेटमा तीव्र दुखाइ भएको भनिएको यो हात्तीले विगत एक हप्तादेखि कुनै कडा खाना खान मानेको छैन। यसलाई सहायक औषधि प्रणालीमा राखिएको छ। वन विभागको वन्यजन्तु शाखाका स्रोतहरूका अनुसार, ८५ वर्षीय हात्ती उमेर-सम्बन्धित कमजोरीबाट पीडित छ। यसको स्वास्थ्य अवस्थाले विभागका अधिकारीहरू र महावतहरूलाई चिन्तित बनाएको छ।",एउटा हात्ती ८५ वर्षको उमेरसम्म पुग्न सक्छ।,0,1,0,mdeberta,rte,0.0916,0.908,0.0004,False,False,True,,,
RTE-Nepali_test_237,शुक्रबार शिया क्षेत्र सदर सिटी नजिकैको एम्बुसमा पाँच अमेरिकी सैनिक मारिए र पाँच जना घाइते भए।,शुक्रबार शिया क्षेत्र सदर सिटी नजिकैको एम्बुसमा पाँच अमेरिकी सैनिक मारिए र पाँच जना घाइते भए।,0,1,0,mdeberta,rte,0.3362,0.426,0.238,False,False,False,,,
RTE-Nepali_test_457,"मिचेल ग्रान्जर र ब्रायन गुडेल्चलाई तुलना गर्दा, ब्रायन नै स्पष्ट विजेता हुनुपर्छ। १९७६ मा, मिशन भिइगो हाईमा विद्यार्थी हुँदा नै, ब्रायनले मोन्ट्रियलमा दुई ओलम्पिक स्वर्ण पदक जिते, ४००- र १,५००-मिटर फ्रीस्टाइल दुवैमा आफ्नै विश्व कीर्तिमान तोड्दै। उनले १९७९ को प्यान अमेरिकन गेम्समा तीन स्वर्ण पदक जिते।",ब्रायन गुडेल्चले १९७९ को प्यान अमेरिकन गेम्समा तीन स्वर्ण पदक जिते।,0,1,0,mdeberta,rte,0.0282,0.7207,0.2512,False,False,False,,,
RTE-Nepali_test_364,"""चीन सुडान सरकार र धेरै छिमेकी राज्यहरूलाई हल्का हतियारहरूको प्रमुख आपूर्तिकर्ता रहँदै आएको छ र अझै पनि छ,"" एर्नस्ट जान होगेन्डर्नले भने, जो डार्फर द्वन्द्वका १७ जना खेलाडीहरूलाई शान्तिमा बाधा पुर्‍याएको आरोपमा प्रतिबन्ध लगाउन सिफारिस गर्ने संयुक्त राष्ट्रका चार विशेषज्ञहरूको एक प्यानलका सदस्य हुन्। प्यानलको प्रतिवेदनले सुडानका छिमेकी चाड, लिबिया र इरिट्रियाले डार्फरलाई हतियार आपूर्ति गरेको र यस क्षेत्रमा धेरैजसो साना हतियार र गोलाबारुद चिनियाँ भएको पत्ता लगाएको छ। ""चिनियाँ हतियार र गोलाबारुद अन्य आपूर्तिकर्ताहरूको तुलनामा अपेक्षाकृत सस्तो छन् -- कतिपयले चीनले कम प्रश्न सोध्ने तर्क पनि गर्छन्,"" होगेन्डर्नले भने।","चीन, चाड, लिबिया र एरिट्रियाले सुडानलाई हतियार बेच्छन्।",0,1,0,mdeberta,rte,0.07,0.912,0.0178,False,False,False,,,
RTE-Nepali_test_485,"""होइन, हामीलाई समुद्री तटको यातायातबाट कुनै व्यवसाय मिल्दैन,"" बटलरले भने, जसको पुरुष पसल पाल्मेट्टोको क्रिस्पी क्रीम पछाडि एउटा सानो स्ट्रिप मलमा अवस्थित छ।",मेन'स सपिङ सेन्टर बटलरको स्वामित्वमा छ।,0,1,0,mdeberta,rte,0.0174,0.966,0.0174,False,False,True,,,
RTE-Nepali_test_140,नर्वेली प्रहरीले ओस्लोको राष्ट्रिय ग्यालरीबाट चोरी भएको एडभार्ड मन्चको चित्रकला 'द स्क्रिम' फेला परेपछि पक्राउ परेका तीनमध्ये एक जनालाई रिहा गरेको छ।,नर्वेली प्रहरीले मन्चको चित्रकला 'द स्क्रिम' चोरी गरेको आरोपमा तीन जनालाई पक्राउ गर्यो।,0,2,0,mdeberta,rte,0.225,0.1033,0.672,False,False,False,,,
RTE-Nepali_test_77,"दक्षिण क्यारोलिना जेसी ज्याक्सनको गृह राज्य भएकोले, अश्वेत समुदायमा धेरै बलियो प्रोत्साहन थियो।",जेसी ज्याक्सन दक्षिण क्यारोलिनामा जन्मेका थिए।,0,1,0,mdeberta,rte,0.0664,0.925,0.0088,False,False,False,,,
RTE-Nepali_test_144,"स्पेनका प्रधानमन्त्री जापाटेरोले हालै दक्षिण अमेरिकामा वामपन्थी ध्रुव निर्माण गर्ने प्रयासमा ब्राजिल, अर्जेन्टिना, चिली र उरुग्वेको भ्रमण गरे। उल्लेखित देशका दक्षिण अमेरिकी राष्ट्रपतिहरूले अन्तर्राष्ट्रिय स्तरमा, विशेष गरी संयुक्त राष्ट्रसंघ, युरोपेली संघ र पेरिस, बर्लिन र म्याड्रिडसँग सहकार्य गर्न सहमत भए।",ब्राजिल संयुक्त राष्ट्रसंघको सदस्य हो।,0,1,0,mdeberta,rte,0.0113,0.986,0.0029,False,False,False,,,
RTE-Nepali_test_340,"टाइम-लाइफ छोडेपछि, शुकर सार्वजनिक प्रसारण प्रयोगशालामा सामेल भए, जुन पीबीएसको अग्रदूत थियो, र दुई अग्रगामी फिल्महरूमा भाग लिए - 'द चेयर,' एउटा वकिलको बारेमा जसले मृत्युदण्ड पाएको मानिसलाई बचाउन खोज्दै थियो, र 'फ्री एट लास्ट,' डा. मार्टिन लुथर किङ जूनियरको बारेमा ९० मिनेटको वृत्तचित्र जुन संयोगवश सन् १९६८ मा किङको हत्या हुँदा बनाइँदै थियो।",मार्टिन लुथर किङको सन् १९६८ मा हत्या भएको थियो।,0,2,0,mdeberta,rte,0.29,0.1604,0.55,False,False,False,,,
RTE-Nepali_test_387,"एसियामा बाल श्रमिकको संख्या सबैभन्दा बढी छ, तर उप-सहारा अफ्रिकामा जनसंख्याको अनुपातमा काम गर्ने बालबालिकाको संख्या सबैभन्दा बढी छ।",एसियामा बाल श्रमको व्यापक प्रयोग गरिन्छ।,0,1,0,mdeberta,rte,0.4717,0.526,0.0024,False,False,False,,,
RTE-Nepali_test_290,"संस्थानको सफलता थुरको विश्वासको जाँच गर्न थालेपछि आयो कि रोमन सहर इफिससका अवशेषहरूमा रहेको अष्टभुजी चिहानमा अर्सिनोइको शरीर थियो। रोमन ग्रन्थहरूका अनुसार, हालको टर्कीमा रहेको यो सहरमा क्लियोपेट्रा र उनका तत्कालीन प्रेमी, जुलियस सिजर विरुद्धको शक्ति संघर्षमा पराजित भएपछि अर्सिनोइलाई देश निकाला गरिएको थियो। क्लियोपेट्राले, सिजरको मृत्युपछि अब मार्क एन्टोनीसँग मिलेर, आफ्नी कान्छी बहिनीलाई भविष्यमा इजिप्टको सिंहासनमाथि कुनै प्रयास गर्नबाट रोक्न रोमन जनरललाई मार्न आदेश दिएको भनिन्छ।",रानी क्लियोपेट्राले आफ्नी बहिनीको हत्या गर्न आदेश दिइन्।,0,2,0,mdeberta,rte,0.0717,0.3218,0.6064,False,False,False,,,
RTE-Nepali_test_91,"विश्वविद्यालयले पनि घटनाप्रति माफी माग्दै भन्यो, ""[हामी] यो घटना भएकोमा धेरै दुःखी छौं र व्यक्तिलाई कानुन अनुसार कारबाही गरिनेछ। विश्वविद्यालय छलफल, बहस र विचार-विमर्शका लागि हो, जुत्ता फाल्नेका लागि होइन।"" अधिकारीहरूका अनुसार, प्रधानमन्त्रीलाई कुनै वास्तविक खतरा थिएन। उक्त व्यक्ति फेब्रुअरी १० मा न्यायाधीश समक्ष उपस्थित हुनेछन्।",एक व्यक्तिले प्रधानमन्त्रीमाथि जुत्ता हाने।,0,2,0,mdeberta,rte,0.0431,0.1279,0.8286,False,False,True,,,
RTE-Nepali_test_2,"अधिवक्ताका रूपमा चिनिने सुल्तान अल-सावीले पीडितहरूको लागि आयोजित अन्त्येष्टि समारोहमा भने, ""तिनीहरू सबै इराकका बालबालिका थिए जुन बर्बर बम विष्फोटमा मारिए।""","अटर्नीले अन्त्येष्टिमा भने, ""तिनीहरू सबै क्रूर गोलाबारीमा मारिएका इराकीहरू थिए।""",0,2,0,mdeberta,rte,0.438,0.068,0.494,False,False,False,,,
RTE-Nepali_test_465,"पूर्व रक्षामन्त्री एनरिक लोपेज अल्बुजार ट्रिन्टका हत्याराहरू माओवादी आतंकवादी संगठन, शाइनिङ पाथका सदस्य भएको अनुमान गरिएको छ, किनकि आतंकवाद विरोधी डिभिजनले उनीहरूमध्ये एकलाई गेरार्डो ओलिभोस सिल्भाको रूपमा पहिचान गरेको छ, जुन साक्षीहरूको रिपोर्टबाट बनाइएको कम्पोजिट मार्फत गरिएको थियो।",गेरार्डो ओलिभोस सिल्भा माओवादी आतंकवादी संगठन शाइनिङ पाथका सदस्य हुन्।,0,1,0,mdeberta,rte,0.3645,0.625,0.0106,False,False,False,,,
RTE-Nepali_test_306,"लिइट्रिमको कथालाई रीटा लेवी-मोन्टालसिनीको कथासँग तुलना गर्नुहोस्, एक इटालियन नोबेल पुरस्कार विजेता जो गत बुधबार १०० वर्ष पुगेकी थिइन्। उनले रोममा रहेको युरोपेली मस्तिष्क अनुसन्धान संस्थानमा अझै पनि हरेक दिन काम गर्छिन्, जुन उनले स्थापना गरेकी थिइन्। उनलाई सन् २००१ मा आजीवन सिनेटर नियुक्त गरिएको थियो, र २००६ मा, ९७ वर्षको उमेरमा, उनले नवनिर्वाचित सिनेटको उद्घाटन सभामा भाग लिइन्। उनले उच्च सदनका छलफलहरूमा भाग लिन्छिन्, र २००४ मा इटालियन विद्यालयहरूमा विकासवादको शिक्षाको बचाउ गरिन्। उनले कुनै चाडपर्वको प्रतिबद्धताका कारण बिदा लिएको कुनै रेकर्ड छैन। स्पष्टतः उनले रोज अफ ट्रालीमा पनि आफ्नो पेट्री डिशबाट टाउको नउठाई काम गर्न सफल हुन्छिन्।",रीटा लेवी-मोन्टालसिनी नोबेल पुरस्कार विजेता हुन्।,0,2,0,mdeberta,rte,0.0104,0.0353,0.9546,False,False,True,,,
RTE-Nepali_test_344,राष्ट्रपति शिराकलाई सल्लाह दिइएको छ कि उनको आणविक परीक्षण पुनः सुरु गर्नाले फ्रान्सेली उत्पादनहरूको अन्तर्राष्ट्रिय बहिष्कारलाई उत्प्रेरित गर्नेछ।,फ्रान्सेली आणविक परीक्षणहरू रोक्न अन्तर्राष्ट्रिय दबाब दिइएको छ।,0,1,0,mdeberta,rte,0.2505,0.538,0.2114,False,False,False,,,
RTE-Nepali_test_406,"शहरको दक्षिणपूर्वी छेउमा, सोचिमिन्को, शहरले समाहित गरेको अर्को सानो शहर, यसको चिनाम्पास, वा ","सोचिमिन्को यसको चिनाम्पास, वा तैरिने बगैँचाका कारण एक लोकप्रिय पर्यटकीय गन्तव्य हो।",0,1,0,mdeberta,rte,0.0162,0.981,0.0031,False,False,False,,,
RTE-Nepali_test_325,बेलायती विदेश सचिव डगलस हर्डले अर्को हप्ता अर्जेन्टिनामा राष्ट्रपति कार्लोस मेनेमलाई भेट्नेछन्।,विदेश सचिव डगलस हर्डले अर्जेन्टिनाको भ्रमण गरे।,0,1,0,mdeberta,rte,0.2532,0.7437,0.003,False,False,False,,,
RTE-Nepali_test_464,"बोस्टन ग्लोब र यसका युनियनहरूबीचको वार्ता मध्यरातको समयसीमा नाघेर पनि जारी रह्यो, अखबार केही हप्ताभित्रै बन्द हुन सक्ने धम्कीका बीच। यसको मालिक, द न्यू योर्क टाइम्सले सोमबार सरकारलाई सूचना पेश गर्ने बताएको छ कि यदि लागत कटौतीमा कुनै सहमति नभएमा अखबार बन्द गरिनेछ। मालिकहरूले युनियनहरूलाई २० मिलियन डलर (१३.४ मिलियन पाउण्ड) बराबरको पैसा बचत गर्ने उपायहरूमा सहमत हुन चाहन्छन्। जीवनभरको लागि ग्यारेन्टी गरिएका जागिरहरू एउटा विवादको विषय बन्ने अपेक्षा गरिएको छ, जसमा युनियनहरूले ती वार्तालाप योग्य नभएको बताएका छन्।",द बोस्टन ग्लोब द न्यू योर्क टाइम्सको स्वामित्वमा छ।,0,2,0,mdeberta,rte,0.002,0.1005,0.8975,False,False,True,,,
RTE-Nepali_test_11,"सन् १९९४ मा पनि अर्जेन्टिना फकल्याण्ड टापुहरूप्रति अझै पनि मोहित थियो, जुन बेलायतसँग ७४ दिने युद्धमा पराजित भएको १२ वर्षपछि हो।",फकल्याण्ड युद्ध सन् १९८२ मा भएको थियो।,0,1,0,mdeberta,rte,0.0826,0.508,0.4097,False,False,False,,,
RTE-Nepali_test_192,"जिम्नास्टिक्स अष्ट्रेलियाको आग्रहमा आज अष्ट्रेलियाली चियरलिडरहरूलाई आफ्नो मध्यभाग छोप्न भनिएको छ, किनकि उनीहरूलाई लाग्छ कि यसले केटीहरूलाई आत्म-सचेत हुन प्रोत्साहित गर्छ। जिम्नास्टिक्स अष्ट्रेलियाकी प्रमुख नेरिन कूपरले सन्डे टेलिग्राफलाई भनिन्, “हामी चाहँदैनौं कि केटीहरूले युनिफर्मका कारण तौल घटाउन दबाब महसुस गरून्।” सिड्नी प्रोफेशनल डान्सर्सकी प्रमुख लिसा इन्सेले यसमा असहमति जनाइन्। उनले भनिन्, “यो साँच्चै हास्यास्पद छ, यदि मध्यभाग आपत्तिजनक छ भन्ने सोच छ भने, हरेक नृत्य विद्यालय र एथलेटिक्स क्लबले पनि यस्तै प्रतिबन्धको सामना गर्नुपर्नेछ।” यो प्रतिबन्धले जिम्नास्टिक्स अष्ट्रेलियामा दर्ता भएका करिब १५० टोलीलाई असर गर्नेछ।",लिसा इन्से सिड्नी प्रोफेशनल डान्सर्सकी प्रमुख हुन्।,0,2,0,mdeberta,rte,0.333,0.1536,0.5137,False,False,True,,,
RTE-Nepali_test_13,"कोटे डी आइभोरका राष्ट्रपति लरेन्ट गबागबोले जुलाई १४ मा नयाँ चुनाव कानूनहरू जारी गरे, जसमा अक्टोबर ३० मा हुने राष्ट्रपति चुनावको निरीक्षण गर्न एक स्वतन्त्र निर्वाचन आयोगको गठन पनि समावेश छ।",कोटे डी आइभोरमा नयाँ चुनाव अक्टोबर ३० मा हुनेछ।,0,1,0,mdeberta,rte,0.3923,0.4863,0.1212,False,False,False,,,
RTE-Nepali_test_412,"ह्वाइट हाउसले सेप्टेम्बर ११, २००१ भन्दा पहिले अल कायदाबाट घरेलु खतरामा कुनै कदम चालेन।",ह्वाइट हाउसले आक्रमणको खतरालाई बेवास्ता गर्यो।,0,1,0,mdeberta,rte,0.0622,0.606,0.3318,False,False,False,,,
RTE-Nepali_test_378,"शनिबार बिहान करिब ११ बजे इएसटीमा एडेनको खाडीमा इटालीबाट आएको अमेरिकी स्वामित्वको एक टगबोट १६ सदस्य चालक दलसहित अपहरण गरियो। इटालियन राजदूत पिएरान्द्रेया म्याजिस्ट्रेटिले ""एउटा डुङ्गा अपहरण भएको छ, मलाई लाग्छ सोमाली समुद्री डाकूहरूले गरेका हुन्"" भनी पुष्टि गरे। यसका साथै, नाटोको नर्थवुड समुद्री कमान्ड सेन्टरकी प्रवक्ता शोना लोले इटालियन झण्डा भएको टगबोट आज बिहान सोमालियाको उत्तरी तटबाट अपहरण भएको जानकारी दिइन्। लोले यो पनि पुष्टि गरिन् कि इटालियन सरकारी अधिकारीहरूका साथै टगबोटको स्वामित्व भएको कम्पनीले चालक दललाई मुक्त गराउने प्रयास गरिरहेका थिए, जसमध्ये दस जना इटालियन थिए।",एडेनको खाडी सोमालियाको उत्तरी तटमा अवस्थित छ।,0,1,0,mdeberta,rte,0.004,0.9937,0.0026,False,False,False,,,
RTE-Nepali_test_218,"चार्ल्स डार्विनलाई संसारभर घुमाउने डुङ्गाको ३.३ मिलियन पाउण्डको कार्यशील प्रतिकृति पेम्ब्रोकशायरको मिलफोर्ड हेभनमा निर्माण गर्ने योजनाहरू बनाइँदैछ। २००९ मा डार्विनको जन्मको २०० औं वार्षिकोत्सव मनाउनका लागि यस परियोजनाको लागि कोष सङ्कलन भइरहेको छ। यसको उद्देश्य एचएमएस बिगल जस्तै बाहिरबाट देखिने तर आधुनिक भित्री भाग भएको समुद्री जहाज निर्माण गर्नु हो। डार्विन, जसले प्राकृतिक चयनले कसरी विकासलाई व्याख्या गर्न सक्छ भनेर देखाएका थिए, १८३१-३६ सम्म बिगलमा यात्रा गरेका थिए।",चार्ल्स डार्विनले एचएमएस बिगल नामक जहाजमा यात्रा गरे।,0,2,0,mdeberta,rte,0.3984,0.0844,0.517,False,False,False,,,
RTE-Nepali_test_484,"अभिनेताका प्रचारकहरूले पुष्टि गरे कि बिहीबार आफ्नो ५४ औं जन्मदिन मनाएका श्री विलिसले ३० वर्षीया एम्मा हेमिङसँग क्यारिबियन द्वीपसमूह टर्क्स र कैकोस टापुमा रहेको आफ्नो घरमा निजी समारोहमा विवाह गरे। सुश्री हेमिङको जन्म माल्टामा भएको थियो, तर उनी लन्डनमा हुर्केकी थिइन्। उनी भिक्टोरियाको सेक्रेट र ला सेन्जाका लागि एक अधोवस्त्र मोडल रहिसकेकी छिन्। यो जोडी करिब एक वर्ष अघि साझा साथीहरू मार्फत भेटेका थिए। यो सुश्री हेमिङको पहिलो र श्री विलिसको दोस्रो विवाह हो। अभिनेताकी पहिलो पत्नी, अभिनेत्री डेमी मूर, विवाहमा पाहुनाहरू मध्ये थिइन्। टिप्पणीहरू (०) ।",श्री विलिसकी दोस्री पत्नी माल्टाकी हुन्।,0,1,0,mdeberta,rte,0.2306,0.3892,0.3804,False,False,False,,,
RTE-Nepali_test_78,"दुई राष्ट्रपति, बुश र शिराकलाई २१ तोपको सलामीले सम्मान गरियो।","दुई राष्ट्रपति, बुश र शिराकलाई २१ तोपको सलामीले सम्मान गरियो।",0,1,0,mdeberta,rte,0.383,0.3853,0.2316,False,False,False,,,
RTE-Nepali_test_198,"मिड-साउथ फेयरग्राउन्डमा रहेको क्रोक सेन्टरको लागि पैसा जुटाउनको लागि पूंजी अभियानको सार्वजनिक चरण सुरु भएको छ। केन्द्रीयको ठीक दक्षिणमा पूर्वी पार्कवेमा अवस्थित सुविधाका लागि ३९ लाख डलर जुटाउने लक्ष्य छ। पैसा जम्मा भएपछि, १५ एकड, १ लाख वर्ग फुटको सुविधामा निर्माण सुरु गर्न सकिन्छ। यस अभियानले पहिले नै २ करोड ११ लाख डलर भन्दा बढी जम्मा गरिसकेको छ। एकपटक रकम जम्मा भएपछि, केन्द्रले क्रोक ट्रस्टबाट ५० मिलियन डलरको उपहार प्राप्त गर्नेछ, जुन म्याकडोनाल्ड्स कर्पोरेशनका संस्थापक रे क्रोक र उनकी पत्नी जोनले स्थापना गरेका थिए। देश भरि २५ क्रोक केन्द्रहरू निर्माण गर्न साल्भेसन आर्मीलाई १.५ बिलियन डलरको उपहार दिइएको थियो। क्रोक केन्द्रहरू सुविधाहरू वरपरका छिमेकहरूमा परिवारहरूको आवश्यकता पूरा गर्न डिजाइन गरिएका छन्।",रे क्रोक म्याकडोनाल्डका संस्थापक हुन्।,0,1,0,mdeberta,rte,0.0031,0.9814,0.0154,False,False,False,,,
RTE-Nepali_test_150,"फर्मिल्याबको लक्ष्य यो सुनिश्चित गर्नु हो कि यदि कुनै कार्यक्रम रेडह्याट इन्टरप्राइजमा चल्छ र प्रमाणित हुन्छ भने, त्यो सम्बन्धित फर्मी लिनक्स एलटीएस रिलिजमा पनि चल्नेछ। उनीहरूले फर्मी लिनक्स एलटीएस फर्मिल्याबको प्रयोगका लागि बनाएका छन्, र यही नै उनीहरूको अन्तिम लक्ष्य हो।",फर्मिल्याबले लिनक्स एलटीएस सिर्जना गर्‍यो।,0,2,0,mdeberta,rte,0.3882,0.1738,0.438,False,False,False,,,
RTE-Nepali_test_492,"जापातेरोले चार दिनमा निम्न शहरहरूको भ्रमण गरे: ब्रासिलिया, साओ पाउलो, ब्युनोस आयर्स र सान्टियागो दे चिले। आधिकारिक स्रोतहरूका अनुसार यी भ्रमणहरू ग्वाडालाजारा, मेक्सिकोमा भएको ईयू-ल्याटिन अमेरिकी शिखर सम्मेलनमा उनले सुरु गरेको र नोभेम्बरमा कोस्टारिकामा भएको इबेरो-अमेरिकी बैठकमा पछ्याएको परियोजनाको अन्तिम भाग हुन्।",जापातेरोले कोस्टारिकामा भएको इबेरो-अमेरिकी बैठकमा भाग लिए।,0,2,0,mdeberta,rte,0.233,0.0336,0.7334,False,False,False,,,
RTE-Nepali_test_187,"यदि पुष्टि भएमा, टप क्वार्कको खोजले पदार्थ र ऊर्जाको आधारभूत प्रकृति निर्धारण गर्ने कणहरू र बलहरूको प्रचलित सिद्धान्त, जसलाई मानक मोडेल भनिन्छ, द्वारा भविष्यवाणी गरिएका सबटोमिक निर्माण ब्लकहरूको एक सेट पूरा गर्दछ। आधुनिक भौतिकशास्त्रको सनकी शब्दावलीमा, प्राथमिक कणहरूलाई क्वार्क, लेप्टन र बोसन भनिन्छ।","क्वार्क, लेप्टन र बोसन मानक मोडेल अनुसार भौतिकशास्त्रका तीन प्राथमिक कण हुन्।",0,1,0,mdeberta,rte,0.0069,0.985,0.0082,False,False,False,,,
RTE-Nepali_test_40,"फ्रान्सले तीन दशकको आणविक हतियार परीक्षणका कारण स्वास्थ्य समस्याबाट पीडित मानिसहरूलाई क्षतिपूर्ति दिने भएको छ, यसको सरकारले भन्यो। रक्षा मन्त्री हर्भे मोरिनले परीक्षणमा भाग लिने कर्मचारीहरूले रिपोर्ट गरेका स्वास्थ्य गुनासोहरूको अनुसन्धान गर्ने समय आएको बताए। श्री मोरिनले ले फिगारोलाई फ्रान्स ",फ्रान्सले ३० वर्षमा २०० भन्दा बढी आणविक परीक्षण गर्यो।,0,2,0,mdeberta,rte,0.1608,0.155,0.684,False,False,False,,,
RTE-Nepali_test_426,युरो २००४ फुटबल च्याम्पियनसिपमा जर्मनीको अन्तिम खेललाई लिएर तनाव हिंसामा परिणत भयो जब एक महिलाले टेलिभिजनमा खेल हेर्न नचाहेको कारण आफ्नो साथीको टाउकोमा छुरा हानिन्।,फुटबल खेलका कारण एक व्यक्तिलाई छुरा प्रहार गरियो।,0,1,0,mdeberta,rte,0.2676,0.5796,0.1528,False,False,False,,,
RTE-Nepali_test_115,"टेम्पे होमटाउन प्रिमियरमा विशाल हलिउड कार्यक्रमका सबै झलकहरू हुनेछन्, जसमा रेड कार्पेट आगमन, क्लीग लाइटहरू, चिच्याउने प्रशंसकहरू, पापाराजी र वूल्भरिन स्वयं, ह्यु ज्याकम्यानको नेतृत्वमा फिल्मका ताराहरूका साथै लाइभ श्राइबर, रायन रेनोल्ड्स, टेलर किट्च, लिन कोलिन्स, विल.आई.एम र निर्देशक गेभिन हुडको मिडिया कभरेज समावेश हुनेछ। संयुक्त राज्य अमेरिकाका हजारौं शहरहरू र कस्बाहरूमा कडा प्रतिस्पर्धापछि, टेम्पेले व्यापक, शहरव्यापी बोलीमा विजयी भई गाला कार्यक्रम हात पार्यो। मेयर ह्यु हलम्यान स्वयंले समुदायलाई जुटाए, जसले युट्युबमा दर्जनौं भिडियोहरू पोस्ट गरे।",ह्यु ज्याकम्यानले फिल्ममा वूल्भरिनको भूमिका खेल्छन्।,0,2,0,mdeberta,rte,0.2092,0.0698,0.7207,False,False,False,,,
RTE-Nepali_test_323,"विदेशी कार निर्माताहरूले रुसमा लाभ उठाइरहेका छन्। डेवू, फोर्ड, रेनोल्ट, र अन्य जस्ता कम्पनीहरूले पर्याप्त छिटो उत्पादन गर्न सकिरहेका छैनन्।",युरोपेली कारहरू रुसमा बिक्री हुन्छन्।,0,1,0,mdeberta,rte,0.3284,0.6675,0.0042,False,False,True,,,
RTE-Nepali_test_403,"चीनले हिजो विश्वव्यापी अर्थतन्त्रमा अमेरिकाको ५० वर्षको प्रभुत्वलाई चुनौती दियो, जब उसले डलरलाई विश्वको मुख्य आरक्षित मुद्राको रूपमा अन्तर्राष्ट्रिय मुद्रा कोषको नियन्त्रणमा रहेको नयाँ विश्वव्यापी प्रणालीले प्रतिस्थापन गर्ने प्रस्ताव गर्यो। पश्चिममा फैलिएको मन्दीले सिर्जना गरेको आर्थिक शक्तिमा ठूलो परिवर्तनको शोषण गर्ने प्रयासको रूपमा हेरिने एक शक्ति प्रदर्शन गर्दै, बेइजिङले भन्यो कि डलरको भूमिका अन्ततः सन् १९६९ मा सिर्जना गरिएको आईएमएफको तथाकथित विशेष आहरण अधिकार (एसडीआर), एक अर्ध-मुद्राले लिन सक्छ।",विशेष आहरण अधिकार एक अर्ध-मुद्रा हो।,0,1,0,mdeberta,rte,0.2142,0.4663,0.3196,False,False,False,,,
RTE-Nepali_test_427,"क्यानाडेली संसदको नैतिकता आयोगले भन्यो कि पूर्व अध्यागमन मन्त्री, जुडी सेग्रो, ले केही गलत गरेनन् र उनको कर्मचारीले उनलाई स्वार्थको द्वन्द्वमा पारेको थियो।",क्यानाडेली संसदको नैतिकता आयोगले जुडी सेग्रोलाई आरोप लगाउँछ।,1,2,0,mdeberta,rte,0.1775,0.0165,0.806,False,False,False,,,
RTE-Nepali_test_163,"तर उनीहरूको प्रदर्शनबाट दिइएको सन्देश प्रायः दुखद र कच्चा थियो। सडकमा तीन हप्ता मात्र बिताएपछि, दुई इटालियन कलाकारमध्ये एक, ३३ वर्षीया पिप्पा बाक्काको, उनलाई सवारी दिने एक चालकले हत्या गरे। उनको नग्न शरीर अप्रिल ११ मा टर्की गाउँ नजिकै केही झाडीहरूमा फेला पर्यो जब एक संदिग्धले अनुसन्धानकर्ताहरूलाई घटनास्थलमा पुर्याए। यद्यपि मृत्युको आधिकारिक कारण दिइएको छैन, स्थानीय टर्की अधिकारीहरूले सुश्री बाक्काको बलात्कार र घाँटी थिचेर हत्या गरिएको बताए।",पिप्पा बाक्का एक इटालियन शान्ति कार्यकर्ता थिइन्।,1,2,0,mdeberta,rte,0.0077,0.0202,0.972,False,False,True,,,
RTE-Nepali_test_483,"सुनुवाइ पछि, परिवार अदालतले प्रतिवादीलाई सुरक्षा आदेशको जानाजानी उल्लंघन गरेकोमा दोषी ठहर गर्‍यो र उसलाई छ महिनाको कारागार सजाय सुनायो।",परिवार अदालतले दोषीलाई सजाय दिन सक्दैन।,1,2,0,mdeberta,rte,0.0229,0.0185,0.9585,False,False,True,,,
RTE-Nepali_test_67,"पूर्व सिकागो गिरोहका सदस्य जोसे पाडिलालाई विदेशमा इस्लामिक आतंकवादी समूहहरूलाई समर्थन गरेकोमा जूरीले दोषी पाएको छ। सह-प्रतिवादीहरू, आधम हस्सून र किफान जयौसीलाई पनि विदेशी देशमा मानिसहरूलाई हत्या गर्ने, अपहरण गर्ने र अङ्गभङ्ग गर्ने षड्यन्त्र; आतंकवादीहरूलाई भौतिक सहयोग प्रदान गर्ने षड्यन्त्र; र आतंकवादीहरूलाई भौतिक सहयोग प्रदान गरेकोमा दोषी पाइएको छ।",जोसे पाडिलाले आतंकवादलाई समर्थन गरेनन्।,1,2,0,mdeberta,rte,0.0248,0.0316,0.944,False,False,False,,,
RTE-Nepali_test_356,दुई ब्रिटिश विध्वंसक जहाजहरू कोर्फु च्यानलबाट गुज्रिरहेको बेला अल्बेनियालीले बिछ्याएका खानीमा ठोक्किए।,कोर्फु च्यानल घटना कोर्फु च्यानलमा अल्बानियाले बेलायती विध्वंसक जहाज डुबाएको बारे थियो।,1,2,0,mdeberta,rte,0.1904,0.131,0.6787,False,False,False,,,
RTE-Nepali_test_41,"सेप्टेम्बर ११ को आक्रमणपछि, मालिनोव्स्कीले भने, सीआईएले एफबीआई र सैन्य सोधपुछकर्ताहरूको सल्लाहलाई बाइपास गर्यो र ठेकेदारहरूतिर लाग्यो ""जसको दृष्टिकोण बुश प्रशासनको सिद्धान्तसँग मेल खान्थ्यो कि तपाईंले अन्धकार पक्षसँग लड्न अन्धकार पक्षमा जानुपर्छ।"" एजेन्सीका अधिकारीहरूले सीआईएले ठेकेदारहरूतिर लागेको तर्क गरेका छन् किनभने एजेन्सीसँग कुशल सोधपुछकर्ताहरूको आफ्नै सूची थिएन, र ठेकेदारहरूलाई एजेन्सीका कर्मचारीहरूले पालना गर्ने नियमहरू नै पालना गर्नुपर्थ्यो। तर एक करार सोधपुछकर्ता, डेभिड ए पास्सारोलाई एक अफगान बन्दीलाई कुटेकोमा दोषी ठहर गरिएको थियो जसको पछि मृत्यु भयो। पास्सारोलाई २००७ मा आठ वर्षको जेल सजाय दिइएको थियो।",टम मालिनोव्स्की ह्युमन राइट्स वाचका निर्देशक हुन्।,1,0,0,mdeberta,rte,0.6357,0.066,0.2986,False,False,False,,,
RTE-Nepali_test_255,"योजना कहिल्यै कागजमा लेखिएको थिएन, तर मौखिक रूपमा छलफल गरिएको थियो, विशेष गरी प्रधानमन्त्री पिबुल र बैंककमा ब्रिटिश मन्त्री बीच।",पिबुल बैंककमा मन्त्री थिए।,1,2,0,mdeberta,rte,0.1898,0.0338,0.7764,False,False,False,,,
RTE-Nepali_test_104,"रम्सफेल्डले भने कि पेन्टागनको चीनको सैन्य क्षमताको वार्षिक मूल्याङ्कनले देखाउँछ कि चीनले आफ्ना नेताहरूले स्वीकार गरेभन्दा बढी खर्च गरिरहेको छ, आफ्नो मिसाइल क्षमताहरू विस्तार गर्दै र उन्नत सैन्य प्रविधि विकास गरिरहेको छ।",चीनले आफ्नो सैन्य खर्च बढाउँदै र ठूलो मात्रामा अत्याधुनिक हतियारहरू खरिद गर्दै थियो।,1,0,0,mdeberta,rte,0.8936,0.094,0.0127,False,False,False,,,
RTE-Nepali_test_274,"सन् १९९२ को शरद ऋतुमा सोही कोठामा, जर्ज बुशले स्टाफका प्रमुख जोन एच. सुनुनुसँगको अभ्यास सत्रमा क्लिन्टन र रस पेरोटसँग बहस गर्न तयारी गरेका थिए।",रस पेरोटले १९९२ मा राष्ट्रपतिको लागि दौडिए।,1,2,0,mdeberta,rte,0.2404,0.305,0.4543,False,False,False,,,
RTE-Nepali_test_34,"क्यानाडाको रिग संख्या १४८ मा, गत हप्ताको तुलनामा ४६ ले कम र गत वर्षको तुलनामा २७ ले कम छ।","गत वर्ष, गणना १४८ थियो।",1,2,0,mdeberta,rte,0.3474,0.1224,0.5303,False,False,False,,,
RTE-Nepali_test_85,"सन् २००० मा बुल्गेरियामा १०,५७८ सम्बन्धविच्छेद भएका थिए, जसले १००० विवाहमा ३०१ सम्बन्धविच्छेद वा १००० बासिन्दामा १.३% सम्बन्धविच्छेद दर प्रतिनिधित्व गर्दछ।",सन् २००० मा बुल्गेरियामा ३०१ सम्बन्धविच्छेद भएका थिए।,1,0,0,mdeberta,rte,0.8706,0.0241,0.1054,False,False,False,,,
RTE-Nepali_test_332,"सन् १९४८ मे १४ मा इजरायल राज्य स्थापनाको घोषणा पछि, सात अरब राज्यहरू प्यालेस्टाइनमा प्रवेश गरे र इजरायली सेनासँग युद्धमा संलग्न भए।",इजरायली सेनाले सन् १९४८ मा सात अरब राज्यहरूमाथि आक्रमण गर्यो।,1,0,0,mdeberta,rte,0.772,0.216,0.0119,False,False,False,,,
RTE-Nepali_test_497,"निकोलस बर्न्सले प्रिस्टिनाबाट ""उट्रिन्स्की भेस्निक"" लाई दिएको एक विशेष अन्तर्वार्तामा भनेका छन् कि यदि एथेन्सले म्यासेडोनियाको युरोपेली संघ र नाटो सदस्यताको आवेदनमा भिटो लगाएमा त्यो लाजमर्दो हुनेछ।",ग्रीस र म्यासेडोनिया बीच नामलाई लिएर विवाद छ।,1,0,0,mdeberta,rte,0.816,0.0986,0.0854,False,False,False,,,
RTE-Nepali_test_225,"जोन पल द्वितीय ठ्याक्कै ६०० वर्षमा पहिलो गैर-इटालियन पोप थिए, त्यसैले अन्य कुराहरू बराबर भएमा, उनका उत्तराधिकारी सम्भवतः इटालियन हुनेछन्।",जोन पल द्वितीय इटालियन हुन्।,1,2,0,mdeberta,rte,0.1018,0.0572,0.842,False,False,False,,,
RTE-Nepali_test_468,"मेडिकेयरले यस वर्षको अन्त्यमा केही मौखिक क्यान्सर औषधिहरू र आत्म-प्रशासित गर्न सकिने इन्ट्राभेनस औषधिहरूको लागि भुक्तानी सुरु गर्नेछ, जुन हिजो अनावरण गरिएको $५०० मिलियनको प्रदर्शन परियोजना अन्तर्गत पर्दछ।",मेडिकेयरले प्रयोगकर्ताहरूलाई ५० करोड डलर तिर्न सुरु गर्नेछ।,1,0,0,mdeberta,rte,0.502,0.0348,0.4631,False,False,False,,,
RTE-Nepali_test_221,"टायसन, जसले सन् १९९० को दशकमा बलात्कारको आरोपमा तीन वर्ष जेलमा बसेका थिए र सन् १९९७ को लडाइँमा इभान्डर होलीफिल्डको कानको केही भाग काटेका थिए, अझै पनि आफू फेरि हेवीवेट च्याम्पियन बन्न सक्छु भन्ने सोच्छन्।",माइक टायसनले सन् १९९० मा होलीफिल्डको कान काटेका थिए।,1,0,0,mdeberta,rte,0.7646,0.1246,0.1109,False,False,False,,,
RTE-Nepali_test_65,"कुवेत चौथो खाडी देश बनेको छ जहाँ महिला र पुरुष दुवैले चुनावमा मतदान गर्न सक्छन्। साउदी अरबमा कडाईका साथ सीमित, पुरुष-मात्र चुनाव हुन्छन्।",साउदी अरबमा महिलाहरूले चुनावमा मतदान गर्न सक्छन्।,1,2,0,mdeberta,rte,0.0785,0.0198,0.9014,False,False,False,,,
RTE-Nepali_test_230,कम्पनीले दोस्रो त्रैमासिकमा सञ्चालन आम्दानी ४२ प्रतिशतसम्म घट्ने बताएपछि परिणाम स्वरूप अमेजनको शेयर करिब ४ प्रतिशतले घटे।,अमेजनको शेयर ४ प्रतिशतले घट्यो।,1,0,0,mdeberta,rte,0.968,0.0258,0.0067,False,False,False,,,
RTE-Nepali_test_422,"ह्यान्ड्स एक्रस द डिभाइड मार्च २००१ मा गठन भएको थियो, र यसको तत्कालका लक्ष्यहरू मध्ये एक साइप्रसका दुई भागहरू बीच तत्काल सम्पर्क र सञ्चारको थप स्वतन्त्रताका लागि दबाब दिनु, र 'साइप्रस समस्या' को समाधानतर्फ प्रारम्भिक प्रगतिका लागि काम गर्नु थियो।",साइप्रस मार्च २००१ मा दुई भागमा विभाजित भएको थियो।,1,0,0,mdeberta,rte,0.7856,0.1906,0.0238,False,False,False,,,
RTE-Nepali_test_103,"दक्षिण कोरियाका राष्ट्रपति रोह मु-ह्युनले बिहीबार लेखापरीक्षण र निरीक्षण बोर्ड (बीएआई) लाई विदेश मन्त्रालयको एक दक्षिण कोरियाली नागरिकको अपहरणको प्रतिक्रियाबारे उठाइएका प्रश्नहरूको छानबिन गर्न आग्रह गरे, जसलाई पछि मुस्लिम लडाकुहरूले मारेका थिए, यो योनहापका अनुसार हो।",रोह मु-ह्युनले बीएआईलाई इराकमा एक दक्षिण कोरियालीलाई अपहरण गर्न आग्रह गरे।,1,2,0,mdeberta,rte,0.0125,0.0376,0.9497,False,False,False,,,
RTE-Nepali_test_102,उनले आफ्नी छोरीलाई क्लार्कलाई जनरल सेसन्स कोर्टमा मुद्दा चलाइएको जानकारी दिइएको बताए।,क्लार्क जनरल सेसन्स कोर्टमा कार्यरत छन्।,1,0,0,mdeberta,rte,0.582,0.2786,0.1395,False,False,False,,,
RTE-Nepali_test_358,पातलो टावर जापानको दोस्रो अग्लो भवन हो।,पातलो टावर जापानको सबैभन्दा अग्लो भवन हो।,1,2,0,mdeberta,rte,0.0065,0.0124,0.981,False,False,False,,,
RTE-Nepali_test_121,"तरकारीहरूले तपाईंको हड्डीहरूलाई जोगाउन मद्दत गर्छन्, र हड्डी पातलो हुने रोग ओस्टियोपोरोसिससँग लड्न मद्दत गर्छन्।",फलफूल र तरकारीले ओस्टियोपोरोसिसलाई रोक्छ।,1,0,0,mdeberta,rte,0.5117,0.4849,0.0037,False,False,False,,,
RTE-Nepali_test_409,"माइक्रोसफ्ट कर्प र इंटेल कर्पले सोमबार तोसिबा कर्पले प्रचार गरिरहेको अर्को पुस्ताको एचडी डीभिडी ढाँचालाई समर्थन गरे, सोनी कर्पको ब्लु-रे ढाँचालाई धक्का दिँदै।",माइक्रोसफ्ट कर्प इंटेल कर्पको साझेदार हो।,1,0,0,mdeberta,rte,0.9585,0.0396,0.0016,False,False,False,,,
RTE-Nepali_test_183,"जर्मनहरूले व्यक्तिलाई भन्दा पार्टीलाई भोट दिन्छन्, र वामपन्थी सामाजिक प्रजातन्त्रवादीहरूले शार्पिङ स्वयंले जति राम्रो मत सर्वेक्षणमा प्राप्त गर्दैनन्।",रुडोल्फ शार्पिङ सामाजिक प्रजातन्त्रवादीका सदस्य हुन्।,1,0,0,mdeberta,rte,0.45,0.2302,0.3196,False,False,True,,,
RTE-Nepali_test_75,"एनएचएस टेसाइडका सार्वजनिक स्वास्थ्य निर्देशक ड्रु वाकरले भने: ""यो रेबिजको ​​पुष्टि भएको घटना होइन भनेर जोड दिनु महत्त्वपूर्ण छ।""",रेबिजको ​​एक घटना पुष्टि भयो।,1,2,0,mdeberta,rte,0.0386,0.2133,0.748,False,False,True,,,
RTE-Nepali_test_214,"मार्क एलेन कोनेली (जो त्यसबेला अन्त्येष्टि सेवा आयोगका सामान्य सल्लाहकार थिए) द्वारा लेखिएको र डिक म्याकनेइल (अन्त्येष्टि आयोगका बुश-नियुक्त अध्यक्ष) लाई पठाइएको ज्ञापनमा भनिएको थियो कि कोनेलीले टेक्सास राज्यका अधिकारीहरूबाट ""जानकारी प्राप्त"" गरेका थिए कि दुई अन्त्येष्टि आयुक्तहरूले एससीआईका लागि काम गर्थे।",मार्क एलेन कोनेलीले एससीआईका लागि काम गर्थे।,1,0,0,mdeberta,rte,0.6895,0.266,0.0447,False,False,False,,,
RTE-Nepali_test_452,"युरोपेली संघका २५ सदस्य राष्ट्रहरूमध्ये १९ राष्ट्रले अहिलेसम्मकै सबैभन्दा ठूलो ट्रान्सनेशनल निर्वाचनमा मतदान गरिरहेका थिए, र मे १ मा युरोपेली संघको पूर्व कम्युनिस्ट पूर्वी युरोपमा विस्तार भएपछिको यो पहिलो निर्वाचन थियो।",मे १ मा युरोपेली संघमा १० नयाँ सदस्य राष्ट्रहरू भित्रिएकाले करिब ३५ करोड मानिसहरू मतदान गर्न योग्य थिए।,1,0,0,mdeberta,rte,0.774,0.0651,0.1611,False,False,False,,,
RTE-Nepali_test_289,जुुन महिनामा संयुक्त राज्य अमेरिकामा उपभोक्ताको लागत घट्यो।,जुुन महिनामा अमेरिकी उपभोक्ता खर्च घट्यो।,1,0,0,mdeberta,rte,0.5093,0.311,0.1796,False,False,False,,,
RTE-Nepali_test_37,"मोहम्मद ओरैबी अल-खलिफा, सद्दाम हुसेनको नरसंहार मुद्दामा नयाँ मुख्य न्यायाधीशका सालालाई गोली हानी हत्या गरिएको प्रहरी स्रोतले बताएको छ।",मोहम्मद खलिफाका ससुरा ओसामा बिन लादेन हुन्।,1,2,0,mdeberta,rte,0.3992,0.1874,0.413,False,False,False,,,
RTE-Nepali_test_471,"संयुक्त राज्य अमेरिका जस्तै, संयुक्त राष्ट्र संघका अधिकारीहरू पनि यस कुराबाट निराश छन् कि अरिस्टाइडले प्रधानमन्त्री रोबर्ट माल्भलद्वारा पोर्ट-औ-प्रिन्समा सबै झगडा गर्ने पक्षहरूलाई एकसाथ ल्याउने आशामा बोलाइएको एक सम्मेलनलाई रद्द गरे।",अरिस्टाइडले पोर्ट-औ-प्रिन्समा प्रधानमन्त्री रोबर्ट माल्भलको हत्या गराए।,1,2,0,mdeberta,rte,0.0168,0.3696,0.614,False,False,False,,,
RTE-Nepali_test_148,"यद्यपि लोल्यापालुजा यस हप्ताबाट हटाइयो, जेन एडिक्सनका फ्रन्टम्यान पेरी फरेल आशावादी छन् कि उनले १९९१ मा सह-स्थापना गरेको विविध संगीत महोत्सव फेरि देखा पर्नेछ र यो तपाईले सोचेभन्दा चाँडो हुन सक्छ।",पेरी फारेलले अर्को संगीत महोत्सव स्थापना गर्ने आशा गर्छन्।,1,0,0,mdeberta,rte,0.992,0.0063,0.0021,False,False,False,,,
RTE-Nepali_test_410,"रोनाल्डो लुइज नाजिरियो दा सिल्भा विश्व फुटबलको इतिहासमा सबैभन्दा महान् स्ट्राइकरहरूमध्ये एक हुन्, जो आफ्नो तीव्र दौड र ड्रिब्लिङ क्षमताले सम्पूर्ण टोलीलाई स्तब्ध पार्न सक्षम छन्, उनले तीन पटक फिफा विश्व वर्ष खेलाडीको उपाधि जितेका छन् र दुई पटक फिफा विश्वकप विजेता पनि हुन्।",फिफाले १९९४ को विश्व फुटबल वर्ष खेलाडी छनोट गर्छ।,1,0,0,mdeberta,rte,0.6553,0.2915,0.0534,False,False,False,,,
RTE-Nepali_test_95,"ग्रीक पौराणिक कथामा, ओलम्पस पर्वत देवताहरूको घर र प्रमुख देवता ज्यूसको सिंहासनको स्थल थियो।",ओलम्पस पर्वत ग्रीसमा छ।,1,0,0,mdeberta,rte,0.6943,0.2961,0.0096,False,False,False,,,
RTE-Nepali_test_16,७२ वर्षीय मोरेउले शुक्रबार बर्लिन फिल्म महोत्सवमा आजीवन उपलब्धिको लागि गोल्डेन बियर अवार्ड प्राप्त गरे।,कान्स फिल्म फेस्टिभलमा गोल्डेन पाम प्रदान गरिएको छ।,1,2,0,mdeberta,rte,0.0565,0.0982,0.8457,False,False,False,,,
RTE-Nepali_test_440,"जब अल्ब्राइट संयुक्त राष्ट्रका लागि अमेरिकी राजदूत थिइन्, '६० मिनट्स' का लेस्ली स्टाहलले उनलाई प्रतिबन्ध र इराकी बालबालिकाको मृत्युबारे सोधिन्। अल्ब्राइटले खाडी युद्ध फेरि लड्नु नपरोस् भनेर सुनिश्चित गर्नु अमेरिकाको जिम्मेवारी भएको बताइन्।",अल्ब्राइटले सद्दाम हुसेनलाई सजाय दिन ती बालबालिकाको मृत्यु 'मूल्यवान' थियो भनिन्।,1,2,0,mdeberta,rte,0.1104,0.4429,0.4473,False,False,False,,,
RTE-Nepali_test_463,"सम्झौताले बाल्टिक देशहरूको लागि डिसेम्बर ३१, १९९९ सम्मको संक्रमणकालीन अवधिलाई पनि उल्लेख गरेको थियो। यो मध्य युरोपेली देशहरूलाई तोकिएको अवधिभन्दा धेरै छोटो थियो (तिनीहरूको संक्रमणकालीन अवधि १० वर्ष घोषणा गरिएको थियो)। इस्टोनियाले संक्रमणकालीन अवधि अस्वीकार गर्यो, लाटभियाले चार वर्षको संक्रमणकालीन अवधि पायो, र लिथुआनियाले छ वर्षको संक्रमणकालीन अवधि पायो।",बाल्टिक देशहरू ईयुमा सामेल भए।,1,0,0,mdeberta,rte,0.9014,0.0744,0.0243,False,False,False,,,
RTE-Nepali_test_499,"साइप्रसको विभाजित टापुका दुई क्षेत्रहरूले शनिबार, अप्रिल २४, २००४ मा पुनर्मिलनका लागि जनमत संग्रह गरे।","साइप्रस अप्रिल २४, २००४ मा विभाजित भएको थियो।",1,2,0,mdeberta,rte,0.4048,0.1877,0.4075,False,False,False,,,
RTE-Nepali_test_133,लगभग आधा सान्ता मोनिका खाडीको २० माइल लामो क्षेत्रमा टोपाङ्गा क्यान्यन बुलेभार्डदेखि पालोस भर्डेस प्रायद्वीपसम्म थिए।,सान्ता मोनिका खाडीको तटरेखा ५० माइल लामो छ।,1,2,0,mdeberta,rte,0.0352,0.1576,0.807,False,False,False,,,
RTE-Nepali_test_62,"ग्रीसको राजधानी एथेन्समा मे ४ देखि ७, २००६ सम्म भइरहेको चौथो युरोपेली सामाजिक मञ्चको युद्धविरोधी प्रदर्शनका क्रममा ग्रीक प्रहरी र अराजकतावादी प्रदर्शनकारीहरूबीच तनाव र झडप भयो। करिब १,००० अराजकतावादीहरूको मार्च अराजकतावादी समूहहरू र प्रहरीबीचको झडपमा समाप्त भयो। दङ्गा प्रहरीले अश्रुग्यास प्रयोग गर्‍यो, जबकि ग्रीक बैंकको एक शाखा, एक फास्ट-फुड पसल र एथेन्सको केन्द्रमा लगभग ५० पसलका झ्यालहरू क्षतिग्रस्त भए।",ग्रीसमा दङ्गा डिसेम्बर ६ मा सुरु भयो।,1,2,0,mdeberta,rte,0.0241,0.0062,0.9697,False,False,False,,,
RTE-Nepali_test_35,अमेरिकामा उपभोक्ता खर्च जुन महिनामा तीव्र रूपमा घट्यो।,संयुक्त राज्य अमेरिकाको उपभोक्ताको लागत जुनमा घट्यो।,1,0,0,mdeberta,rte,0.9614,0.0298,0.0089,False,False,False,,,
RTE-Nepali_test_398,मृत्यु हुनेमध्ये पच्चीस जना कानुन प्रवर्तन निकायका सदस्य थिए र बाँकी ६७ जना नागरिक थिए।,मृत्यु हुनेमध्ये २५ जना नागरिक थिए।,1,2,0,mdeberta,rte,0.013,0.0023,0.985,False,False,False,,,
RTE-Nepali_test_300,"लिस्बन, २२ जनवरी (सिन्ह्वानेट) — पूर्व प्रधानमन्त्री एनिबल काभाको सिल्भाले आइतबार पोर्चुगलको राष्ट्रपति चुनाव जिते।",पोर्चुगलका नयाँ प्रधानमन्त्री निर्वाचित भए।,1,2,0,mdeberta,rte,0.2876,0.2438,0.4688,False,False,False,,,
RTE-Nepali_test_487,"पेरिस महानगरीय क्षेत्रमा करिब १ करोड मानिस बस्छन्, जुन देशको कुल जनसंख्याको १५ प्रतिशतभन्दा बढी हो। फ्रान्सको दोस्रो ठूलो शहर भूमध्यसागरीय तटमा रहेको मार्सेली (७९५,६००) हो।",फ्रान्समा करिब १ करोड मानिस बस्छन्।,1,0,0,mdeberta,rte,0.952,0.0286,0.0194,False,False,False,,,
RTE-Nepali_test_188,"इजरायली सेनाले बुधवार गाजा पट्टीमा रहेका सयौं चिच्याइरहेका र रोइरहेका यहूदी बस्तीहरूलाई उनीहरूको घर, विद्यालय र सभाघरहरूबाट निष्कासन गर्‍यो, ३८ वर्षको कब्जा समाप्त गर्न अराजक र भयावह अभियान चलाउँदै।","इजरायली सेनाले बस्तीका बासिन्दाहरूलाई घरहरू, सभाघरहरू र नर्सरी स्कूलहरूबाट समेत बाहिर निकाल्यो।",1,0,0,mdeberta,rte,0.7886,0.18,0.0315,False,False,False,,,
RTE-Nepali_test_320,"सन् १५९६ मा पोल्याण्डका राजाले राजधानी क्राकोबाट वार्सामा सार्ने निर्णय गरे, जसले वार्सालाई पोल्याण्डको सबैभन्दा महत्त्वपूर्ण शहर बनायो।","सन् १६११ मा राजा र उनको दरबार अन्ततः क्राको (क्रेकाउ) बाट वार्सामा सरे, जसले यसलाई पोलिश राज्यको राजधानी बनायो।",1,2,0,mdeberta,rte,0.0337,0.0614,0.905,False,False,False,,,
RTE-Nepali_test_489,कामार्चो जापानका मोरिहिरो होसोकावाको मेक्सिकन संस्करण हुन् - एक व्यावहारिक रणनीतिकार जसले संकट र सुधारका लागि आएको चर्को मागलाई आफ्नो राजनीतिक हैसियत बढाउन प्रयोग गर्छन्।,जापानका प्रधानमन्त्री मोरिहिरो होसोकावा हुन्।,1,2,0,mdeberta,rte,0.058,0.118,0.824,False,False,False,,,
RTE-Nepali_test_376,"धेरै वर्षसम्म, सुदामलाई जेडर बर्बाल्होले नियन्त्रण गरेका थिए, जो पारा राज्यका राज्यपाल र यसका सिनेटर थिए।",जेडर बर्बाल्हो सुदामका राज्यपाल हुन्।,1,0,0,mdeberta,rte,0.98,0.0113,0.009,False,False,False,,,
RTE-Nepali_test_0,"सिराक्यूज टिभी स्टेशन न्यूज १० नाउले प्राप्त गरेको पत्र अझै विश्लेषण भइरहेको छ, तर प्रहरीले यो ४१ वर्षीय जिवर्ली वङले लेखेको विश्वास गरेको छ, प्रहरी प्रमुख जोसेफ जिकुस्कीले एक ब्रिफिङमा भने। “हामीसँग यो (प्रामाणिक) नभएको विश्वास गर्ने कुनै कारण छैन,” जिकुस्कीले भने। “यो धेरै जटिल पजलको अर्को टुक्रा हो जसलाई के भइरहेको छ भनेर निर्धारण गर्न हामीलाई हप्ता र महिना लाग्नेछ। यसले हामीलाई मद्दत गर्नेछ।” उनले आफैंलाई गोली हानेर १३ जनाको हत्या गर्नुभन्दा अघिल्लो दिन पठाइएको अस्तव्यस्त, असम्बन्धित पत्रमा, वङले आफ्नो समस्याका लागि प्रहरीलाई दोष दिएका थिए र कम्तीमा दुई जनालाई “पृथ्वीको धूलोमा फर्काउन” वाचा गरेका थिए। उनले पत्रलाई, जुन ठूला अक्षरमा सफासँग लेखिएको थियो, चिसो नोटमा टुङ्ग्याए: “र तपाईको दिन शुभ रहोस्।”",जिवर्ली वङ एक प्रहरी प्रमुख थिए।,1,2,0,mdeberta,rte,0.0202,0.1467,0.833,False,False,True,,,
RTE-Nepali_test_250,"२० मिलियन वर्षअघि बाँदरहरू थिए, र ५ मिलियन वर्षअघि हाम्रा नजिकका पुर्खा र नातेदार, प्रारम्भिक बाँदर-मानवहरू, अन्य बाँदरहरूबाट छुट्टिएका थिए।","१०,००० वर्षअघि मानिसहरू अस्तित्वमा थिए।",1,2,0,mdeberta,rte,0.1349,0.0442,0.821,False,False,False,,,
RTE-Nepali_test_220,"स्वीडेनले सेकेन्ड लाइफ, हजारौं नेटिजनहरूको भर्चुअल संसारमा एक भर्चुअल दूतावास खोल्ने योजना बनाएको छ। डेल जस्ता कम्पनीहरूले पहिले नै भर्चुअल संसार मार्फत कम्प्युटरहरू बेचिरहेका छन्, तर स्वीडेन सेकेन्ड लाइफमा साइबर-दूतावास राख्ने पहिलो देश बन्नेछ। दूतावासले भिसा प्रदान गर्ने वा कूटनीतिक कार्यहरू गर्ने छैन, तर वास्तविक संसारमा यी कागजातहरू कसरी र कहाँबाट प्राप्त गर्ने भन्ने बारे जानकारी प्रदान गर्नेछ, साथै देशको बारेमा सांस्कृतिक र पर्यटकीय जानकारी पनि दिनेछ। आगन्तुकहरूले दूतावासका कर्मचारीहरूसँग च्याट गर्न पनि सक्षम हुनेछन्। एक प्रवक्ताले यो युवाहरूसम्म पुग्ने सजिलो र सस्तो तरिका हुने बताए। यो विचार स्वीडेनको विदेश मामिला मन्त्रालयको एक एजेन्सी, स्वीडिश इन्स्टिच्युटबाट आएको थियो, जसको मुख्य उद्देश्य स्वीडेनको बारेमा जानकारी प्रदान गर्नु हो। यसलाई ",डेल एक स्वीडिश कम्पनी हो।,1,0,0,mdeberta,rte,0.9966,0.0025,0.0004,False,False,True,,,
RTE-Nepali_test_100,नर्वेजियन समाचार पत्र कोष नर्वेजियन समाचार पत्रका पाठहरूको एक ठूलो र स्वयं-विस्तारित कोष हो। यो गतिशील र निरन्तर बढ्दो कोषको सङ्कलन सन् १९९८ मा सुरु भएको थियो।,डागब्लाडेट एक नर्वेजियन समाचार पत्र हो।,1,0,0,mdeberta,rte,0.7183,0.1644,0.1172,False,False,False,,,
